Run,LibraryName,sample_title
DRR207332,,H3K27me3-ChIP_from_E14Fbl/Trp53_DKO_dorsal_brain_rep1
DRR207333,,ChIP_Input from_E14Fbl/Trp53_DKO_dorsal_brain_rep1
DRR207334,,H3K27me3-ChIP_from_E14Fbl/Trp53_DKO_dorsal_brain_rep2
DRR207335,,ChIP_Input_from_E14Fbl/Trp53_DKO_dorsal_brain_rep2
DRR207340,,H3K4me3-ChIP_from_E14Fbl/Trp53_DKO_dorsal_brain_rep1
DRR207341,,H3K4me3-ChIP_from_E14Fbl/Trp53_DKO_dorsal_brain_rep2
DRR222508,RP_Col-0_rep1_1,Col-0_replicate 1
DRR222509,RP_Col-0_rep1_2,Col-0_replicate 1
DRR222510,RP_Col-0_rep1_3,Col-0_replicate 1
DRR222511,RP_Col-0_rep1_4,Col-0_replicate 1
DRR222512,RP_Col-0_rep2_1,Col-0_replicate 2
DRR222513,RP_Col-0_rep2_2,Col-0_replicate 2
DRR222514,RP_Col-0_rep2_3,Col-0_replicate 2
DRR222515,RP_Col-0_rep2_4,Col-0_replicate 2
DRR222516,RP_sgs3_rep1_1,sgs3-11_replicate 1
DRR222517,RP_sgs3_rep1_2,sgs3-11_replicate 1
DRR222518,RP_sgs3_rep1_3,sgs3-11_replicate 1
DRR222519,RP_sgs3_rep1_4,sgs3-11_replicate 1
DRR222520,RP_sgs3_rep2_1,sgs3-11_replicate 2
DRR222521,RP_sgs3_rep2_2,sgs3-11_replicate 2
DRR222522,RP_sgs3_rep2_3,sgs3-11_replicate 2
DRR222523,RP_sgs3_rep2_4,sgs3-11_replicate 2
ERR2002447,unspecified,"ChIP-Seq of RpoD, MG1655_Mock"
ERR2002448,unspecified,"ChIP-Seq of RpoD, MG1655_Rep1"
ERR2002449,unspecified,"ChIP-Seq of RpoD, MG1655_Rep2"
ERR2002450,unspecified,"ChIP-Seq of RpoD, eMS57_Mock"
ERR2002451,unspecified,"ChIP-Seq of RpoD, eMS57_Rep1"
ERR2002452,unspecified,"ChIP-Seq of RpoD, eMS57_Rep2"
ERR2298654,RPI21,"Trypanosoma brucei, procyclic form, exponential growth"
ERR2298655,RPI22,"Trypanosoma brucei, procyclic form, heat shock"
ERR2298656,RPI23,"Trypanosoma brucei, procyclic form, cold shock"
ERR2298657,RPI24,"Trypanosoma brucei, procyclic form, nutritional stress"
ERR2298658,RPI25,"Trypanosoma brucei, procyclic form, stationary growth"
ERR2298659,RPI26,"Trypanosoma brucei, bloodstream form, exponential growth"
ERR7776759,prp43,20210619_R941_prp43
ERR7776762,prp16_18deg_YPD,20210719_R941_prp16_18deg_YPD
ERR7776774,prp43_18deg_YPD_repeat2,20211008_R941_prp43_18deg_YPD_repeat2
ERR9878801,Srp1_IP_1,Srp1_IP_1
ERR9878802,Srp1_IP_2,Srp1_IP_2
ERR9878803,Srp1_IP_3,Srp1_IP_3
ERR9878804,Srp1_IP_4,Srp1_IP_4
ERR9878805,Srp1_total_1,Srp1_total_1
ERR9878806,Srp1_total_2,Srp1_total_2
ERR9878807,Srp1_total_3,Srp1_total_3
ERR9878808,Srp1_total_4,Srp1_total_4
ERR9928771,Eco_RP4_S1_13104_GCCAAT_p,Eco_RP4_S1_13104_GCCAAT
ERR9928773,MPN_RP10_S1_Tet_15114_CTTGTA_p,MPN_RP10_S1_Tet_15114_CTTGTA
ERR9928774,MPN_RP1_S1_13318_GGCTAC_p,MPN_RP1_S1_13318_GGCTAC
ERR690844,Kc167_RpS8_IP,Kc167_RpS8_IP
ERR690847,Kc167_RpL13_IP,Kc167_RpL13_IP
ERR690846,Kc167_RpL22_IP,Kc167_RpL22_IP
SRR25605431,GSM7702836,WT_MitoRP_Rep1
SRR25605430,GSM7702837,WT_MitoRP_Rep2
SRR25605427,GSM7702840,NME6KO_MitoRP_Rep1
SRR25605426,GSM7702841,NME6KO_MitoRP_Rep2
SRR26055520,GSM7779799,TR133_340_IRP2_+/+_ZT12_Rep2_totalRNA
SRR26055519,GSM7779800,TR133_347_IRP2_+/+_ZT12_Rep2_totalRNA
SRR26055518,GSM7779801,TR134_340_IRP2_ko/ko_ZT12_Rep3_totalRNA
SRR26055517,GSM7779802,TR135_340_IRP2_+/+_ZT12_Rep3_totalRNA
SRR26055516,GSM7779803,TR144_340_IRP2_ko/ko_ZT5_Rep1_totalRNA
SRR26055515,GSM7779804,TR144_347_IRP2_ko/ko_ZT5_Rep1_totalRNA
SRR26055514,GSM7779805,TR145_340_IRP2_+/+_ZT5_Rep1_totalRNA
SRR26055513,GSM7779806,TR145_347_IRP2_+/+_ZT5_Rep1_totalRNA
SRR26055512,GSM7779807,TR146_340_IRP2_ko/ko_ZT5_Rep2_totalRNA
SRR26055511,GSM7779808,TR147_340_IRP2_+/+_ZT5_Rep2_totalRNA
SRR26055510,GSM7779809,TR148_340_IRP2_ko/ko_ZT5_Rep3_totalRNA
SRR26055509,GSM7779810,TR148_347_IRP2_ko/ko_ZT5_Rep3_totalRNA
SRR26055508,GSM7779811,TR149_340_IRP2_+/+_ZT5_Rep3_totalRNA
SRR26055500,GSM7779774,TR107_340_IRP1_ko/ko_ZT12_Rep1_totalRNA
SRR26055499,GSM7779775,TR108_340_IRP1_+/+_ZT12_Rep1_totalRNA
SRR26055498,GSM7779776,TR108_347_IRP1_+/+_ZT12_Rep1_totalRNA
SRR26055497,GSM7779777,TR109_340_IRP1_ko/ko_ZT12_Rep2_totalRNA
SRR26055496,GSM7779778,TR109_347_IRP1_ko/ko_ZT12_Rep2_totalRNA
SRR26055495,GSM7779779,TR110_340_IRP1_+/+_ZT12_Rep2_totalRNA
SRR26055494,GSM7779780,TR110_347_IRP1_+/+_ZT12_Rep2_totalRNA
SRR26055493,GSM7779781,TR111_340_IRP1_ko/ko_ZT12_Rep3_totalRNA
SRR26055492,GSM7779782,TR111_347_IRP1_ko/ko_ZT12_Rep3_totalRNA
SRR26055491,GSM7779783,TR112_340_IRP1_+/+_ZT12_Rep3_totalRNA
SRR26055490,GSM7779784,TR112_347_IRP1_+/+_ZT12_Rep3_totalRNA
SRR26055489,GSM7779785,TR120_340_IRP1_ko/ko_ZT5_Rep1_totalRNA
SRR26055488,GSM7779786,TR120_347_IRP1_ko/ko_ZT5_Rep1_totalRNA
SRR26055487,GSM7779787,TR121_340_IRP1_ko/ko_ZT5_Rep2_totalRNA
SRR26055486,GSM7779788,TR121_347_IRP1_ko/ko_ZT5_Rep2_totalRNA
SRR26055485,GSM7779789,TR122_340_IRP1_+/+_ZT5_Rep1_totalRNA
SRR26055484,GSM7779790,TR122_347_IRP1_+/+_ZT5_Rep1_totalRNA
SRR26055483,GSM7779791,TR123_340_IRP1_+/+_ZT5_Rep2_totalRNA
SRR26055482,GSM7779792,TR123_347_IRP1_+/+_ZT5_Rep2_totalRNA
SRR26055481,GSM7779793,TR124_340_IRP1_ko/ko_ZT5_Rep3_totalRNA
SRR26055480,GSM7779794,TR124_347_IRP1_ko/ko_ZT5_Rep3_totalRNA
SRR26055479,GSM7779795,TR125_340_IRP1_+/+_ZT5_Rep3_totalRNA
SRR26055478,GSM7779796,TR130_340_IRP2_ko/ko_ZT12_Rep1_totalRNA
SRR26055477,GSM7779797,TR131_340_IRP2_+/+_ZT12_Rep1_totalRNA
SRR26055476,GSM7779798,TR132_340_IRP2_ko/ko_ZT12_Rep2_totalRNA
SRR26324395,DKFZ_B250_DualRP_Tumour_2_GFP_aPD1,
SRR26324394,DKFZ_B250_DualRP_Tumour_2_GFP_IgG,
SRR26324393,DKFZ_B250_DualRP_Tumour_3_GFP_aPD1,
SRR26324392,DKFZ_B250_DualRP_Tumour_3_GFP_IgG,
SRR26324391,DKFZ_B250_DualRP_Tumour_2_HA_aPD1,
SRR26324390,DKFZ_B250_DualRP_Tumour_3_HA_aPD1,
SRR26324389,DKFZ_B250_DualRP_Tumour_3_HA_IgG,
SRR26324388,DKFZ_B250_DualRP_Tumour_1_GFP_aPD1,
SRR26324387,DKFZ_B250_DualRP_Tumour_1_GFP_IgG,
SRR26324386,DKFZ_B250_DualRP_Tumour_1_HA_aPD1,
SRR26324385,DKFZ_B250_DualRP_Tumour_1_HA_IgG,
SRR26324384,DKFZ_B250_DualRP_Tumour_2_HA_IgG,
SRR26949423,HepG2_trplct3_rep1_1,
SRR26949422,HepG2_trplct3_rep1_2,
SRR26949421,HepG2_trplct3_rep1_3,
SRR28817086,GSM8232678,GRP3_DRG_D03_CFA_301_mRNA
SRR28817084,GSM8232680,GRP3_DRG_D03_CFA_305_mRNA
SRR28817082,GSM8232682,GRP3_DRG_D03_VEH_401_mRNA
SRR28817080,GSM8232684,GRP3_DRG_D03_VEH_402_mRNA
SRR28817078,GSM8232686,GRP3__SC_D03_CFA_303_mRNA
SRR28817076,GSM8232688,GRP3__SC_D03_CFA_304_mRNA
SRR28817074,GSM8232690,GRP3__SC_D03_VEH_403_mRNA
SRR28817072,GSM8232692,GRP3__SC_D03_VEH_404_mRNA
SRR29481526,GSM8341995,hrpA_rep1
SRR29481525,GSM8341996,hrpA_rep2
SRR29481524,GSM8341997,hrpA_smrB_rep1
SRR29481523,GSM8341998,hrpA_smrB_rep2
SRR29548753,GSM8352094,Rpb1ChIP_WT_Replicate_1
SRR29548752,GSM8352095,Rpb1ChIP_WT_Replicate_2
SRR29548751,GSM8352096,Rpb1ChIP_WT_Replicate_3
SRR29548750,GSM8352097,Rpb1ChIP_edc3scd6_Replicate_1
SRR29548749,GSM8352098,Rpb1ChIP_edc3scd6_Replicate_2
SRR29548748,GSM8352099,Rpb1ChIP_edc3scd6_Replicate_3
SRR31074190,GSM8586948,"RNA-seq, rpl-33(0)/mc6, Day-4, replicate-1"
SRR31074189,GSM8586949,"RNA-seq, rpl-5(0)/mc6, Day-4, replicate-1"
SRR31074186,GSM8586952,"RNA-seq, rps-10(0)/tmc20, Day-4, L4 stage, replicate-1"
SRR31074183,GSM8586955,"RNA-seq, rps-23(0)/tmc5, Day-4, L4 stage, replicate-1"
SRR31074180,GSM8586958,"RNA-seq, rpl-33(0)/mc6, Day-4, L4 stage, replicate-2"
SRR31074179,GSM8586959,"RNA-seq, rpl-5(0)/mc6, Day-4, L4 stage, replicate-2"
SRR31074176,GSM8586962,"RNA-seq, rps-10(0)/tmc20, Day-4, L4 stage, replicate-2"
SRR31074173,GSM8586965,"RNA-seq, rps-23(0)/tmc5, Day-4, L4 stage, replicate-2"
SRR627620,,C1.rp
SRR627621,,C2.rp
SRR627622,,Q1.rp
SRR627623,,Q2.rp
SRR627624,,preS.rp
SRR627625,,S.rp
SRR627626,,C3.rp
SRR627627,,Tr.rp
SRR810100,,C.rp
SRR810101,,Nutlin.2h.rp
SRR810102,,Nutlin.4h.rp
SRR810103,,Nutlin.6h.rp
SRR810104,,Nutlin.19h.rp
SRR935448,,BJ_RP_rep1
SRR935449,,BJ_RP_rep2
SRR935452,,Cybrid_control_RP_rep1
SRR935453,,Cybrid_control_RP_rep2
SRR935454,,Cybrid_tRNA_Trp_5556GA_RP_rep1
SRR935455,,Cybrid_tRNA_Trp_5556GA_RP_rep2
SRR935457,,Cybrid_tRNA_Trp_5556GA_RNAseq_rep1
SRR948150,P1_RPT,General Sample for Homo sapiens
SRR948151,P2_RPT,General Sample for Homo sapiens
SRR948152,P3_RPT,General Sample for Homo sapiens
SRR948153,P4_RPT,General Sample for Homo sapiens
SRR948156,C1_RPT,ovarian cancer cell line C4-4
SRR948157,C2_RPT,ovarian cancer cell line C4-4
SRR948158,C3_RPT,ovarian cancer cell line C4-4
SRR948159,C4_RPT,ovarian cancer cell line C4-4
SRR1211047,,Wild-type (MG1655) T0 RP rep 1
SRR1211048,,Wild-type (MG1655) T0 RP rep 2
SRR1211049,,Wild-type (MG1655) T1 RP rep 1
SRR1211050,,Wild-type (MG1655) T1 RP rep 2
SRR1211051,,Wild-type (MG1655) T2 RP rep 1
SRR1211052,,Wild-type (MG1655) T2 RP rep 2
SRR1211053,,Mutant (EP61) T0 RP rep 1
SRR1211054,,Mutant (EP61) T0 RP rep 2
SRR1211055,,Mutant (EP61) T1 RP rep 1
SRR1211056,,Mutant (EP61) T1 RP rep 2
SRR1211057,,Mutant (EP61) T2 RP rep 1
SRR1211058,,Mutant (EP61) T2 RP rep 2
SRR8287987,HPGL0386,ATB025_RP1
SRR8287985,HPGL0340,ATB024_RP1
SRR8287984,HPGL0338,EM027_RP1
SRR8287982,HPGL0303,ATB021_RP1
SRR2064430,,Kidney normal tissue 1 tumor 2 RP
SRR2064431,,Kidney normal tissue 2 tumor 2 RP
SRR2064432,,Kidney tumor tissue 1 tumor 2 RP
SRR2064433,,Kidney tumor tissue 2 tumor 2 RP
SRR2064434,,Kidney tumor tissue 3 tumor 2 RP
SRR2064435,,Kidney tumor tissue 4 tumor 2 RP
SRR2874123,,Kidney normal tissue tumor 3 RP
SRR2874124,,Kidney normal tissue tumor 3 RP
SRR2874125,,Kidney tumor tissue tumor 3 RP
SRR2874126,,Kidney tumor tissue tumor 3 RP
SRR2874127,,Kidney normal tissue tumor 4 RP
SRR2874128,,Kidney normal tissue tumor 4 RP
SRR2874129,,Kidney tumor tissue tumor 4 RP
SRR2874130,,Kidney tumor tissue tumor 4 RP
SRR1528686,,Kidney normal tissue 1 RP
SRR1528687,,Kidney normal tissue 1 RP
SRR1528688,,Kidney normal tissue 2 RP
SRR1528689,,Kidney normal tissue 2 RP
SRR1528690,,Kidney tumor tissue 1 RP
SRR1528691,,Kidney tumor tissue 1 RP
SRR1528692,,Kidney tumor tissue 2 RP
SRR1528693,,Kidney tumor tissue 2 RP
SRR1528694,,Kidney tumor tissue 3 RP
SRR1528695,,Kidney tumor tissue 3 RP
SRR1528696,,Kidney tumor tissue 4 RP
SRR1528697,,Kidney tumor tissue 4 RP
SRR1528676,,U2OS control batch6 RP
SRR1528677,,U2OS myc batch6 RP
SRR1528680,,U2OS control batch7 RP
SRR1528681,,U2OS control batch7 RP
SRR1528682,,U2OS myc batch7 RP
SRR1528683,,U2OS myc batch7 RP
SRR1528660,,MCF10A siCtrl batch4 RP
SRR1528661,,MCF10A siCtrl batch4 RP
SRR1528662,,MCF10A siCtrl TGFb batch4 RP
SRR1528663,,MCF10A siCtrl TGFb batch4 RP
SRR1528664,,MCF10A siSLC3A2 batch4 RP
SRR1528665,,MCF10A siSLC3A2 batch4 RP
SRR1528666,,MCF10A siSLC3A2 TGFb batch4 RP
SRR1528667,,MCF10A siSLC3A2 TGFb batch4 RP
SRR1528672,,MCF10A control batch5 RP
SRR1528673,,MCF10A TGFb batch5 RP
SRR1528674,,MCF10A SLC3A2 OE batch5 RP
SRR1528675,,MCF10A SLC3A2 OE TGFb batch5 RP
SRR1528650,,MCF10A control 1 batch1 RP
SRR1528651,,MCF10A TGFb 1 batch1 RP
SRR1528654,,MCF10A control 2 batch1 RP
SRR1528655,,MCF10A TGFb 2 batch1 RP
SRR1528656,,MCF10A control 1 batch2 RP
SRR1528657,,MCF10A TGFb 1 batch2 RP
SRR2874255,,MCF10A starvation RP
SRR2874256,,MCF10A starvation RP
SRR1528632,,MCF10A control RP
SRR1528633,,MCF10A control RP
SRR2064566,,MCF10A torin RP
SRR2064567,,MCF10A torin RP
SRR1528630,,SUM1315 control RP
SRR1528631,,SUM1315 harringtonine RP
SRR1585910,,rpl23b-Null YPAD RNA-Seq rep1
SRR1585911,,rpl23b-Null YPAD RNA-Seq rep2
SRR1585914,,rpp1a-Null YPAD RNA-Seq rep1
SRR1585915,,rpp1a-Null YPAD RNA-Seq rep2
SRR3312951,,"rps0b-Null YPAD RNA-Seq rep1, sigma1278b deletion collection background"
SRR3312952,,"rps0b-Null YPAD RNA-Seq rep2, sigma1278b deletion collection background"
SRR3312955,,"rps16b-Null YPAD RNA-Seq rep1, sigma1278b deletion collection background"
SRR3312956,,"rps16b-Null YPAD RNA-Seq rep2, sigma1278b deletion collection background"
SRR1916542,,C.rp.rep1
SRR1916543,,Myc.rp.rep1
SRR1916544,,C.rp.rep2.lane1
SRR1916545,,C.rp.rep2.lane2
SRR1916546,,Myc.rp.rep2.lane1
SRR1916547,,Myc.rp.rep2.lane2
SRR1916548,,Torin.rp.lane1
SRR1916549,,Torin.rp.lane2
SRR1916550,,Myc.Torin.rp.lane1
SRR1916551,,Myc.Torin.rp.lane2
SRR2064437,,SUM159 batch3d control RP
SRR2064438,,SUM159 batch3d control RP
SRR2064439,,SUM159 batch3d leucine starvation 0x 12h RP
SRR2064440,,SUM159 batch3d leucine starvation 0x 12h RP
SRR2064441,,SUM159 batch3d leucine starvation 0.2x 24h RP
SRR2064442,,SUM159 batch3d leucine starvation 0.2x 24h RP
SRR2064449,,MCF7 control batch7 RP
SRR2064450,,T47D control batch7 RP
SRR2064451,,MDAMB231 control batch7 RP
SRR2064452,,Hs578t control batch7 RP
SRR2064453,,MCF7 Glutamine starvation batch7 RP
SRR2064454,,T47D Glutamine starvation batch7 RP
SRR2064455,,MDAMB231 Glutamine starvation batch7 RP
SRR2064456,,Hs578t Glutamine starvation batch7 RP
SRR2064443,,MCF10A control batch6 RP
SRR2064444,,MCF10A control batch6 RP
SRR2064445,,MCF10A TGFb batch6 RP
SRR2064446,,MCF10A TGFb batch6 RP
SRR2064447,,MCF10A TGFb esterified leucine batch6 RP
SRR2064448,,MCF10A TGFb esterified leucine batch6 RP
SRR5453827,,Rpl10a siRNA_combined_light_RNA-seq_rep1
SRR5453828,,Rpl10a siRNA_combined_light_RNA-seq_rep2
SRR5453829,,Rpl10a siRNA_combined_heavy_RNA-seq_rep1
SRR5453830,,Rpl10a siRNA_combined_heavy_RNA-seq_rep2
SRR2829319,,"SRP72-bound polysomes, replicate 1"
SRR2829320,,"SRP72-bound monosomes, replicate 1"
SRR2829324,,"SRP72-bound polysomes, replicate 2"
SRR2829325,,"SRP72-bound monosomes, replicate 2"
SRR2829334,,"SRP72-bound polysomes, CHX"
SRR2829335,,"SRP72-bound polysomes, CHX"
SRR2829336,,"SRP72-bound monosomes, CHX"
SRR2829337,,"SRP72-bound monosomes, CHX"
SRR3987441,,"SRP72-bound mRNA, CHX"
SRR3987444,,"SRP72-bound mRNA, puromycin"
SRR2873689,,SUM159PT in vitro 1 repl1 RP
SRR2873690,,SUM159PT in vitro 1 repl1 RP
SRR2873691,,SUM159PT in vitro 2 repl1 RP
SRR2873692,,SUM159PT in vitro 2 repl1 RP
SRR2873693,,SUM159PT in vivo 1 repl1 RP
SRR2873694,,SUM159PT in vivo 1 repl1 RP
SRR2873695,,SUM159PT in vivo 2 repl1 RP
SRR2873696,,SUM159PT in vivo 2 repl1 RP
SRR2873697,,SUM159PT in vitro 1 repl2 RP
SRR2873698,,SUM159PT in vitro 1 repl2 RP
SRR2873699,,SUM159PT in vitro 2 repl2 RP
SRR2873700,,SUM159PT in vitro 2 repl2 RP
SRR2873701,,SUM159PT in vivo 1 repl2 RP
SRR2873702,,SUM159PT in vivo 1 repl2 RP
SRR2873703,,SUM159PT in vivo 2 repl2 RP
SRR2873704,,SUM159PT in vivo 2 repl2 RP
SRR2873686,,MCF7 SG RP
SRR2873687,,MCF7 IP50 RP
SRR2873688,,MCF7 IP150 RP
SRR2873530,,PC3 control batch1 RP
SRR2873531,,PC3 control batch1 RP
SRR2873532,,PC3 ASNase batch1 RP
SRR2873533,,PC3 ASNase batch1 RP
SRR2873534,,PC3 control batch2 RP
SRR2873535,,PC3 control batch2 RP
SRR2873536,,PC3 ASNase 1 batch2 RP
SRR2873537,,PC3 ASNase 1 batch2 RP
SRR2873538,,PC3 ASNase 2 batch2 RP
SRR2873539,,PC3 ASNase 2 batch2 RP
SRR3306083,,E14Tg2A_0DIV_Rpl10a-IP_rep1
SRR3306084,,E14Tg2A_0DIV_Rpl10a-IP_rep2
SRR3306087,,E14Tg2A_2DIV_Rpl10a-IP_rep1
SRR3306088,,E14Tg2A_2DIV_Rpl10a-IP_rep2
SRR4000302,,rpl22aŒî RNA-seq
SRR4450319,,CD34_shRPL5_RNA_1
SRR4450320,,CD34_shRPL5_RNA_2
SRR4450321,,CD34_shRPS19_RNA_1
SRR4450322,,CD34_shRPS19_RNA_2
SRR5278507,,Bacillus_subtilis_rph_Rend_seq_LB_105s_frag
SRR5912164,,RP Mock Rep. 1
SRR5912165,,RP Mock Rep. 1
SRR5912166,,RP Mock Rep. 2
SRR5912167,,RP Mock Rep. 2
SRR5912168,,RP Mock Rep. 2
SRR5912169,,RP 48hpi Rep. 1
SRR5912170,,RP 48hpi Rep. 1
SRR5912171,,RP 48hpi Rep. 2
SRR5912172,,RP 48hpi Rep. 2
SRR5912173,,RP 48hpi Rep. 2
SRR6107147,,"CFBE mRNA with RPL12 siRNA treatment, harringtonine chased for 90s"
SRR6234818,,sec63BirA_srp72-AID_auxin0_2minCHX_2minBiotin_input
SRR6234819,,sec63BirA_srp72-AID_auxin0_2minCHX_2minBiotin_input
SRR6234820,,sec63BirA_srp72-AID_auxin0_2minCHX_2minBiotin_input
SRR6234821,,sec63BirA_srp72-AID_auxin0_2minCHX_2minBiotin_pulldown
SRR6234822,,sec63BirA_srp72-AID_auxin0_2minCHX_2minBiotin_pulldown
SRR6234823,,sec63BirA_srp72-AID_auxin0_2minCHX_2minBiotin_pulldown
SRR6234824,,sec63BirA_srp72-AID_auxin15_2minCHX_2minBiotin_input
SRR6234825,,sec63BirA_srp72-AID_auxin15_2minCHX_2minBiotin_input
SRR6234826,,sec63BirA_srp72-AID_auxin15_2minCHX_2minBiotin_input
SRR6234827,,sec63BirA_srp72-AID_auxin15_2minCHX_2minBiotin_pulldown
SRR6234828,,sec63BirA_srp72-AID_auxin15_2minCHX_2minBiotin_pulldown
SRR6234829,,sec63BirA_srp72-AID_auxin15_2minCHX_2minBiotin_pulldown
SRR6234830,,sec63BirA_srp72-AID_auxin30_2minCHX_2minBiotin_input
SRR6234831,,sec63BirA_srp72-AID_auxin30_2minCHX_2minBiotin_input
SRR6234832,,sec63BirA_srp72-AID_auxin30_2minCHX_2minBiotin_input
SRR6234833,,sec63BirA_srp72-AID_auxin30_2minCHX_2minBiotin_pulldown
SRR6234834,,sec63BirA_srp72-AID_auxin30_2minCHX_2minBiotin_pulldown
SRR6234835,,sec63BirA_srp72-AID_auxin30_2minCHX_2minBiotin_pulldown
SRR6234836,,sec63BirA_srp72-AID_auxin60_2minCHX_2minBiotin_input
SRR6234837,,sec63BirA_srp72-AID_auxin60_2minCHX_2minBiotin_input
SRR6234838,,sec63BirA_srp72-AID_auxin60_2minCHX_2minBiotin_input
SRR6234839,,sec63BirA_srp72-AID_auxin60_2minCHX_2minBiotin_pulldown
SRR6234840,,sec63BirA_srp72-AID_auxin60_2minCHX_2minBiotin_pulldown
SRR6234841,,sec63BirA_srp72-AID_auxin60_2minCHX_2minBiotin_pulldown
SRR6234842,,BirAubc6_srp72-AID_auxin0_2minCHX_2minBiotin_input
SRR6234843,,BirAubc6_srp72-AID_auxin0_2minCHX_2minBiotin_input
SRR6234844,,BirAubc6_srp72-AID_auxin0_2minCHX_2minBiotin_input
SRR6234845,,BirAubc6_srp72-AID_auxin0_2minCHX_2minBiotin_pulldown
SRR6234846,,BirAubc6_srp72-AID_auxin0_2minCHX_2minBiotin_pulldown
SRR6234847,,BirAubc6_srp72-AID_auxin0_2minCHX_2minBiotin_pulldown
SRR6234848,,BirAubc6_srp72-AID_auxin15_2minCHX_2minBiotin_input
SRR6234849,,BirAubc6_srp72-AID_auxin15_2minCHX_2minBiotin_input
SRR6234850,,BirAubc6_srp72-AID_auxin15_2minCHX_2minBiotin_input
SRR6234851,,BirAubc6_srp72-AID_auxin15_2minCHX_2minBiotin_pulldown
SRR6234852,,BirAubc6_srp72-AID_auxin15_2minCHX_2minBiotin_pulldown
SRR6234853,,BirAubc6_srp72-AID_auxin15_2minCHX_2minBiotin_pulldown
SRR6234854,,BirAubc6_srp72-AID_auxin30_2minCHX_2minBiotin_input
SRR6234855,,BirAubc6_srp72-AID_auxin30_2minCHX_2minBiotin_input
SRR6234856,,BirAubc6_srp72-AID_auxin30_2minCHX_2minBiotin_input
SRR6234857,,BirAubc6_srp72-AID_auxin30_2minCHX_2minBiotin_pulldown
SRR6234858,,BirAubc6_srp72-AID_auxin30_2minCHX_2minBiotin_pulldown
SRR6234859,,BirAubc6_srp72-AID_auxin30_2minCHX_2minBiotin_pulldown
SRR6234860,,BirAubc6_srp72-AID_auxin60_2minCHX_2minBiotin_input
SRR6234861,,BirAubc6_srp72-AID_auxin60_2minCHX_2minBiotin_input
SRR6234862,,BirAubc6_srp72-AID_auxin60_2minCHX_2minBiotin_input
SRR6234863,,BirAubc6_srp72-AID_auxin60_2minCHX_2minBiotin_pulldown
SRR6234864,,BirAubc6_srp72-AID_auxin60_2minCHX_2minBiotin_pulldown
SRR6234865,,BirAubc6_srp72-AID_auxin60_2minCHX_2minBiotin_pulldown
SRR6234866,,sec63BirA_srp72-AID_auxin0_noCHX_1minBiotin_input
SRR6234867,,sec63BirA_srp72-AID_auxin0_noCHX_1minBiotin_pulldown
SRR6234868,,sec63BirA_srp72-AID_auxin30_noCHX_1minBiotin_input
SRR6234869,,sec63BirA_srp72-AID_auxin30_noCHX_1minBiotin_pulldown
SRR6234870,,sec63BirA_srp72-AID_auxin60_noCHX_1minBiotin_input
SRR6234871,,sec63BirA_srp72-AID_auxin60_noCHX_1minBiotin_pulldown
SRR6234872,,tom20BirA_srp72-AID_auxin0_2minCHX_2minBiotin_input
SRR6234873,,tom20BirA_srp72-AID_auxin0_2minCHX_2minBiotin_pulldown
SRR6234874,,tom20BirA_srp72-AID_auxin30_2minCHX_2minBiotin_input
SRR6234875,,tom20BirA_srp72-AID_auxin30_2minCHX_2minBiotin_pulldown
SRR6234876,,om45BirA_srp72-AID_auxin0_2minCHX_2minBiotin_input
SRR6234877,,om45BirA_srp72-AID_auxin0_2minCHX_2minBiotin_pulldown
SRR6234878,,om45BirA_srp72-AID_auxin30_2minCHX_2minBiotin_input
SRR6234879,,om45BirA_srp72-AID_auxin30_2minCHX_2minBiotin_pulldown
SRR6876940,,RPL12 WT asynchronous cells rep1
SRR6876941,,RPL12 WT asynchronous cells rep2
SRR6876942,,RPL12 S38A asynchronous cells rep1
SRR6876943,,RPL12 S38A asynchronous cells rep2
SRR6876944,,RPL12 S38D asynchronous cells rep1
SRR6876945,,RPL12 S38D asynchronous cells rep2
SRR6876946,,RPL12 WT mitotic cells nocodazole rep1
SRR6876947,,RPL12 WT mitotic cells nocodazole rep2
SRR6876948,,RPL12 S38A mitotic cells nocodazole rep1
SRR6876949,,RPL12 S38A mitotic cells nocodazole rep2
SRR6876950,,RPL12 S38D mitotic cells nocodazole rep1
SRR6876951,,RPL12 S38D mitotic cells nocodazole rep2
SRR7073121,,293t_rpC_arg_3h
SRR7073122,,293t_rpC_arg_6h
SRR7073123,,293t_rpC_leu_3h
SRR7073124,,293t_rpC_rich_3h
SRR7655577,,CT RP
SRR7655578,,CT RP
SRR7655579,,CT RP
SRR7655580,,HLH RP
SRR7655581,,HLH RP
SRR7655582,,HLH RP
SRR8144035,Trp_500uM_R2_bin4,Trp_500uM_replicate2_bin4
SRR8144034,Trp_500uM_R2_bin3,Trp_500uM_replicate2_bin3
SRR8144033,Trp_500uM_R2_bin6,Trp_500uM_replicate2_bin6
SRR8144032,Trp_0uM_R2_bin6,Trp_0uM_replicate2_bin6
SRR8144031,Trp_0uM_R2_bin5,Trp_0uM_replicate2_bin5
SRR8144030,Trp_0uM_R2_bin4,Trp_0uM_replicate2_bin4
SRR8144029,Trp_0uM_R2_bin3,Trp_0uM_replicate2_bin3
SRR8144028,Trp_100uM_R1_bin4,Trp_100uM_replicate1_bin4
SRR8144027,Trp_100uM_R1_bin3,Trp_100uM_replicate1_bin3
SRR8144026,Trp_100uM_R1_bin2,Trp_100uM_replicate1_bin2
SRR8144025,Trp_100uM_R1_bin1,Trp_100uM_replicate1_bin1
SRR8144024,Trp_500uM_R1_bin6,Trp_500uM_replicate1_bin6
SRR8144023,Trp_100uM_R1_bin6,Trp_100uM_replicate1_bin6
SRR8144022,Trp_100uM_R1_bin5,Trp_100uM_replicate1_bin5
SRR8144021,Trp_500uM_R1_bin5,Trp_500uM_replicate1_bin5
SRR8144020,Trp_500uM_R2_bin2,Trp_500uM_replicate2_bin2
SRR8144019,Trp_500uM_R2_bin1,Trp_500uM_replicate2_bin1
SRR8144018,Trp_0uM_R1_bin6,Trp_0uM_replicate1_bin6
SRR8144017,Trp_0uM_R1_bin5,Trp_0uM_replicate1_bin5
SRR8144016,Trp_0uM_R1_bin4,Trp_0uM_replicate1_bin4
SRR8144015,Trp_0uM_R1_bin3,Trp_0uM_replicate1_bin3
SRR8144014,Trp_0uM_R1_bin2,Trp_0uM_replicate1_bin2
SRR8144013,Trp_0uM_R1_bin1,Trp_0uM_replicate1_bin1
SRR8144012,Before_treatment_R2,Cells_carrying_tnaCLib_Before_Trp_treatment_replicate2
SRR8144011,Before_treatment_R1,Cells_carrying_tnaCLib_Before_Trp_treatment_replicate1
SRR8144010,Trp_0uM_R2_bin2,Trp_0uM_replicate2_bin2
SRR8144009,Trp_0uM_R2_bin1,Trp_0uM_replicate2_bin1
SRR8144008,Trp_500uM_R2_bin5,Trp_500uM_replicate2_bin5
SRR8144007,Trp_500uM_R1_bin1,Trp_500uM_replicate1_bin1
SRR8144006,Trp_500uM_R1_bin2,Trp_500uM_replicate1_bin2
SRR8144005,Trp_100uM_R2_bin5,Trp_100uM_replicate2_bin5
SRR8144004,Trp_100uM_R2_bin6,Trp_100uM_replicate2_bin6
SRR8144003,Trp_100uM_R2_bin3,Trp_100uM_replicate2_bin3
SRR8144002,Trp_100uM_R2_bin4,Trp_100uM_replicate2_bin4
SRR8144001,Trp_100uM_R2_bin1,Trp_100uM_replicate2_bin1
SRR8144000,Trp_100uM_R2_bin2,Trp_100uM_replicate2_bin2
SRR8143999,Trp_500uM_R1_bin3,Trp_500uM_replicate1_bin3
SRR8143998,Trp_500uM_R1_bin4,Trp_500uM_replicate1_bin4
SRR8353543,,RS-AvrRpt2 Rep1 (C)
SRR8353544,,RS-AvrRpt2 Rep2 (C)
SRR8353545,,RS-AvrRpt2 Rep3 (C)
SRR8353554,,RS-AvrRpt2 Rep1 (R)
SRR8353555,,RS-AvrRpt2 Rep2 (R)
SRR8397260,,AGRP BMAL1 KO 1
SRR8397261,,AGRP BMAL1 KO 2
SRR8397262,,AGRP BMAL1 KO 3
SRR8397304,,AgRP-BMAL1-KO w/Leptin Admin ZT14 Collection 1
SRR8397305,,AgRP-BMAL1-KO w/Leptin Admin ZT14 Collection 2
SRR8397306,,AgRP-BMAL1-KO w/Leptin Admin ZT14 Collection 3
SRR8397307,,AgRP-BMAL1-KO no Leptin Admin ZT14 Collection 1
SRR8397308,,AgRP-BMAL1-KO no Leptin Admin ZT14 Collection 2
SRR8397309,,AgRP-BMAL1-KO no Leptin Admin ZT14 Collection 3
SRR8397310,,AgRP-BMAL1-KO w/Leptin Admin ZT2 Collection 1
SRR8397311,,AgRP-BMAL1-KO w/Leptin Admin ZT2 Collection 2
SRR8397312,,AgRP-BMAL1-KO w/Leptin Admin ZT2 Collection 3
SRR8397314,,AgRP-BMAL1-KO no Leptin Admin ZT2 Collection 2
SRR8397315,,AgRP-BMAL1-KO no Leptin Admin ZT2 Collection 3
SRR8397316,,AgRP-BMAL1-KO no Leptin Admin ZT2 Collection 4
SRR8698824,Rrp6-R0_rep1,
SRR8698823,Rrp6-R5_rep1,
SRR8987654,,WT_1_RP
SRR8987655,,WT_2_RP
SRR8987656,,WT_3_RP
SRR8987657,,WT_4_RP
SRR8987658,,WT_5_RP
SRR9019686,,"Size-matched RNA-Seq wt (RP_tot_wt), run 1"
SRR9019687,,"Size-matched RNA-Seq wt (RP_tot_wt), run 2"
SRR9019690,,"Size-matched RNA-Seq wt+HA (RP_tot_wt_HA), run 1"
SRR9019691,,"Size-matched RNA-Seq wt+HA (RP_tot_wt_HA), run 2"
SRR9019694,,"Size-matched RNA-Seq wt+HA-YB-1 (RP_tot_wt_YB1), run 1"
SRR9019695,,"Size-matched RNA-Seq wt+HA-YB-1 (RP_tot_wt_YB1), run 2"
SRR9019699,,"Size-matched RNA-Seq deltaYB-1 (RP_tot_del), run 1"
SRR9019700,,"Size-matched RNA-Seq deltaYB-1 (RP_tot_del), run 2"
SRR9019703,,"Size-matched RNA-Seq deltaYB-1+HA (RP_tot_del_HA), run 1"
SRR9019704,,"Size-matched RNA-Seq deltaYB-1+HA (RP_tot_del_HA), run 2"
SRR9265440,RP_42_30_r1,Saccharomyces cerevisiae BY4147
SRR9265438,RP_42_30_r2,Saccharomyces cerevisiae BY4147
SRR9265429,RP_25_0_r1,Saccharomyces cerevisiae BY4147
SRR9265427,RP_25_0_r3,Saccharomyces cerevisiae BY4147
SRR9265426,RP_25_0_r2,Saccharomyces cerevisiae BY4147
SRR9265425,RP_37_10_r2,Saccharomyces cerevisiae BY4147
SRR9265424,RP_37_10_r1,Saccharomyces cerevisiae BY4147
SRR9265423,RP_37_30_r2,Saccharomyces cerevisiae BY4147
SRR9265422,RP_37_30_r1,Saccharomyces cerevisiae BY4147
SRR9265421,RP_42_10_r2,Saccharomyces cerevisiae BY4147
SRR9265420,RP_42_10_r1,Saccharomyces cerevisiae BY4147
SRR9295901,,93C: larp1sko_dmso_RNA_rep1
SRR9295902,,93C: larp1sko_dmso_RNA_rep2
SRR9295903,,93C: larp1sko_torin_RNA_rep1
SRR9295904,,93C: larp1sko_torin_RNA_rep2
SRR9295909,,LP: larp1dko_dmso_RNA_rep1
SRR9295910,,LP: larp1dko_dmso_RNA_rep2
SRR9295911,,LP: larp1dko_torin_RNA_rep1
SRR9295912,,LP: larp1dko_torin_RNA_rep2
SRR9659378,,CRAC_Rps10_1
SRR9897240,,01A_TP_RPL22B
SRR9897241,,01B_TP_RPL22B
SRR9897242,,01C_TP_RPL22B
SRR9897243,,02A_TP_RPL22B
SRR9897244,,02B_TP_RPL22B
SRR9897245,,02C_TP_RPL22B
SRR9897246,,03A_TP_RPL22B
SRR9897247,,03B_TP_RPL22B
SRR9897248,,03C_TP_RPL22B
SRR9897249,,04A_TP_RPL22B
SRR9897250,,04B_TP_RPL22B
SRR9897251,,04C_TP_RPL22B
SRR9897252,,05A_TP_RPL22B
SRR9897253,,05B_TP_RPL22B
SRR9897254,,05C_TP_RPL22B
SRR9897255,,06A_TP_RPL22B
SRR9897256,,06B_TP_RPL22B
SRR9897257,,06C_TP_RPL22B
SRR9897258,,07A_TP_RPL22B
SRR9897259,,07B_TP_RPL22B
SRR9897260,,07C_TP_RPL22B
SRR9897261,,08A_TP_RPL22B
SRR9897262,,08B_TP_RPL22B
SRR9897263,,08C_TP_RPL22B
SRR9897288,,01A_TP_RPL34A
SRR9897289,,01B_TP_RPL34A
SRR9897290,,01C_TP_RPL34A
SRR9897291,,02A_TP_RPL34A
SRR9897292,,02B_TP_RPL34A
SRR9897293,,02C_TP_RPL34A
SRR9897294,,03A_TP_RPL34A
SRR9897295,,03B_TP_RPL34A
SRR9897296,,03C_TP_RPL34A
SRR9897297,,04A_TP_RPL34A
SRR9897298,,04B_TP_RPL34A
SRR9897299,,04C_TP_RPL34A
SRR9897300,,05A_TP_RPL34A
SRR9897301,,05B_TP_RPL34A
SRR9897302,,05C_TP_RPL34A
SRR9897303,,06A_TP_RPL34A
SRR9897304,,06B_TP_RPL34A
SRR9897305,,06C_TP_RPL34A
SRR9897306,,07A_TP_RPL34A
SRR9897307,,07B_TP_RPL34A
SRR9897308,,07C_TP_RPL34A
SRR9897309,,08A_TP_RPL34A
SRR9897310,,08B_TP_RPL34A
SRR9897311,,08C_TP_RPL34A
SRR9897336,,01A_TP_RPL34B
SRR9897337,,01B_TP_RPL34B
SRR9897156,,01C_TP_RPL34B
SRR9897157,,02A_TP_RPL34B
SRR9897158,,02B_TP_RPL34B
SRR9897159,,02C_TP_RPL34B
SRR9897160,,03A_TP_RPL34B
SRR9897161,,03B_TP_RPL34B
SRR9897162,,03C_TP_RPL34B
SRR9897163,,04A_TP_RPL34B
SRR9897164,,04B_TP_RPL34B
SRR9897165,,04C_TP_RPL34B
SRR9897166,,05A_TP_RPL34B
SRR9897167,,05B_TP_RPL34B
SRR9897168,,05C_TP_RPL34B
SRR9897169,,06A_TP_RPL34B
SRR9897170,,06B_TP_RPL34B
SRR9897171,,06C_TP_RPL34B
SRR9897172,,07A_TP_RPL34B
SRR9897173,,07B_TP_RPL34B
SRR9897174,,07C_TP_RPL34B
SRR9897175,,08A_TP_RPL34B
SRR9897176,,08B_TP_RPL34B
SRR9897177,,08C_TP_RPL34B
SRR9897192,,01A_TP_RPL22A
SRR9897193,,01B_TP_RPL22A
SRR9897194,,01C_TP_RPL22A
SRR9897195,,02A_TP_RPL22A
SRR9897196,,02B_TP_RPL22A
SRR9897197,,02C_TP_RPL22A
SRR9897198,,03A_TP_RPL22A
SRR9897199,,03B_TP_RPL22A
SRR9897200,,03C_TP_RPL22A
SRR9897201,,04A_TP_RPL22A
SRR9897202,,04B_TP_RPL22A
SRR9897203,,04C_TP_RPL22A
SRR9897204,,05A_TP_RPL22A
SRR9897205,,05B_TP_RPL22A
SRR9897206,,05C_TP_RPL22A
SRR9897207,,06A_TP_RPL22A
SRR9897208,,06B_TP_RPL22A
SRR9897209,,06C_TP_RPL22A
SRR9897210,,07A_TP_RPL22A
SRR9897211,,07B_TP_RPL22A
SRR9897212,,07C_TP_RPL22A
SRR9897213,,08A_TP_RPL22A
SRR9897214,,08B_TP_RPL22A
SRR9897215,,08C_TP_RPL22A
SRR9897667,,"SH-SY5Y cells, Nrp1-IP-1"
SRR9897668,,"SH-SY5Y cells, Nrp1-IP-2"
SRR9897669,,"SH-SY5Y cells, Nrp1-IP-3"
SRR9988127,,MS2RP_C_lysate1
SRR9988128,,MS2RP_O_lysate1
SRR9988129,,MS2RP_S_lysate1
SRR9988130,,MS2RP_A_lysate1
SRR9988131,,StRP_C_lysate2
SRR9988132,,StRP_O_lysate2
SRR9988133,,StRP_S_lysate2
SRR9988134,,StRP_A_lysate2
SRR9988135,,MS2RP_C_lysate2
SRR9988136,,MS2RP_O_lysate2
SRR9988137,,MS2RP_S_lysate2_read1
SRR9988138,,MS2RP_S_lysate2_read2
SRR9988139,,MS2RP_A_lysate2_read1
SRR9988140,,MS2RP_A_lysate2_read2
SRR9988145,,StRP_A_lysate3
SRR9988146,,MS2RP_A_lysate3
SRR9988147,,StRP_A_cold_lysate1_read1
SRR9988148,,StRP_A_cold_lysate1_read2
SRR9988149,,MS2RP_A_cold_lysate1_read1
SRR9988150,,MS2RP_A_cold_lysate1_read2
SRR9988151,,MS2RP_A_cold_lysate1_read3
SRR9988153,,StRP_A_cold_lysate2
SRR9988154,,MS2RP_A_cold_lysate2_read1
SRR9988155,,MS2RP_A_cold_lysate2_read2
SRR9988156,,StRP_A_stationary_lysate1_read1
SRR9988157,,StRP_A_stationary_lysate1_read2
SRR9988158,,MS2RP_A_stationary_lysate1_read1
SRR9988159,,MS2RP_A_stationary_lysate1_read2
SRR9988160,,StRP_A_stationary_lysate2
SRR9988161,,MS2RP_A_stationary_lysate2
SRR9988162,,MS2RPRET_C
SRR9988163,,MS2RPRET_O_read1
SRR9988164,,MS2RPRET_O_read2
SRR9988165,,MS2RPRET_O_read3
SRR9988166,,MS2RPRET_S
SRR9988167,,MS2RPRET_A
SRR10302113,,rpl11B‚àÜ [SM034Fd]
SRR10302114,,rpl11B‚àÜ [SM035Fd]
SRR10400889,,MMG Anaer mid-Glucose RppH+ TSS-seq rep1
SRR10400890,,MMG Anaer mid-Glucose RppH+ TSS-seq rep1
SRR10400891,,MMG Anaer mid-Glucose RppH+ TSS-seq rep2
SRR10400892,,MMG Anaer mid-Glucose RppH+ TSS-seq rep2
SRR10400893,,MMG Anaer mid-Glucose RppH+ TSS-seq rep3
SRR10400894,,MMG Anaer mid-Glucose RppH+ TSS-seq rep3
SRR10400895,,MMG Anaer Stationary RppH+ TSS-seq rep1
SRR10400896,,MMG Anaer Stationary RppH+ TSS-seq rep1
SRR10400897,,MMG Anaer Stationary RppH+ TSS-seq rep2
SRR10400898,,MMG Anaer Stationary RppH+ TSS-seq rep2
SRR10400899,,MMG Anaer Stationary RppH+ TSS-seq rep3
SRR10400900,,MMG Anaer Stationary RppH+ TSS-seq rep3
SRR10400901,,RMG Aero mid-Glucose RppH+ TSS-seq rep1
SRR10400902,,RMG Aero mid-Glucose RppH+ TSS-seq rep2
SRR10400903,,RMG Aero mid-Glucose RppH+ TSS-seq rep3
SRR10400904,,RMG Aero Stationary RppH+ TSS-seq rep1
SRR10400905,,RMG Aero Stationary RppH+ TSS-seq rep2
SRR10400906,,RMG Aero Stationary RppH+ TSS-seq rep3
SRR10400907,,RMG Aero Stationary RppH+ TSS-seq rep4
SRR10400908,,RMG Anaer mid-Glucose RppH+ TSS-seq rep1
SRR10400909,,RMG Anaer mid-Glucose RppH+ TSS-seq rep2
SRR10400910,,RMG Anaer mid-Glucose RppH+ TSS-seq rep3
SRR10400911,,RMG Anaer Stationary RppH+ TSS-seq rep1
SRR10400912,,RMG Anaer Stationary RppH+ TSS-seq rep2
SRR10400913,,RMG Anaer Stationary RppH+ TSS-seq rep3
SRR10400914,,MMG Anaer mid-Glucose RppH- TSS-seq rep1
SRR10400915,,MMG Anaer mid-Glucose RppH- TSS-seq rep1
SRR10400916,,MMG Anaer mid-Glucose RppH- TSS-seq rep2
SRR10400917,,MMG Anaer mid-Glucose RppH- TSS-seq rep2
SRR10400918,,MMG Anaer mid-Glucose RppH- TSS-seq rep3
SRR10400919,,MMG Anaer mid-Glucose RppH- TSS-seq rep3
SRR10400920,,MMG Anaer Stationary RppH- TSS-seq rep1
SRR10400921,,MMG Anaer Stationary RppH- TSS-seq rep1
SRR10400922,,MMG Anaer Stationary RppH- TSS-seq rep2
SRR10400923,,MMG Anaer Stationary RppH- TSS-seq rep2
SRR10400924,,MMG Anaer Stationary RppH- TSS-seq rep3
SRR10400925,,MMG Anaer Stationary RppH- TSS-seq rep3
SRR10400926,,RMG Aero mid-Glucose RppH- TSS-seq rep1
SRR10400927,,RMG Aero mid-Glucose RppH- TSS-seq rep2
SRR10400928,,RMG Aero mid-Glucose RppH- TSS-seq rep3
SRR10400929,,RMG Aero Stationary RppH- TSS-seq rep1
SRR10400930,,RMG Aero Stationary RppH- TSS-seq rep2
SRR10400931,,RMG Aero Stationary RppH- TSS-seq rep3
SRR10400932,,RMG Aero Stationary RppH- TSS-seq rep4
SRR10400933,,RMG Anaer mid-Glucose RppH- TSS-seq rep1
SRR10400934,,RMG Anaer mid-Glucose RppH- TSS-seq rep2
SRR10400935,,RMG Anaer mid-Glucose RppH- TSS-seq rep3
SRR10400936,,RMG Anaer Stationary RppH- TSS-seq rep1
SRR10400937,,RMG Anaer Stationary RppH- TSS-seq rep2
SRR10400938,,RMG Anaer Stationary RppH- TSS-seq rep3
SRR10883808,,BRx142-RPL15-overexpression-1
SRR10883809,,BRx142-RPL15-overexpression-1
SRR10883810,,BRx142-RPL15-overexpression-1
SRR10883811,,BRx142-RPL15-overexpression-1
SRR10883812,,BRx142-RPL15-overexpression-2
SRR10883813,,BRx142-RPL15-overexpression-2
SRR10883814,,BRx142-RPL15-overexpression-2
SRR10883815,,BRx142-RPL15-overexpression-2
SRR11798824,,RPE1 p53 KD Rep1
SRR11798825,,RPE1 p53 KD Rep2
SRR11798826,,RPE1 p53 KD Rep3
SRR11798830,,RPE1 ip53 -D Rep1
SRR11798831,,RPE1 ip53 -D Rep2
SRR11798799,,RPE1 ip53 -D Rep3
SRR11798800,,RPE1 ip53 +D Rep1
SRR11798801,,RPE1 ip53 +D Rep2
SRR11798802,,RPE1 ip53 +D Rep3
SRR11798815,,RPE1 p53KO Rep1
SRR11798816,,RPE1 p53KO Rep2
SRR11798817,,RPE1 p53KO Rep3
SRR11875176,,JP001 ECII_5months_199D5-Rasgrp2
SRR11875177,,JP002 ECII_5months_199D5-Rasgrp2
SRR11875178,,JP003 ECII_5months_199D5-Rasgrp2
SRR11875199,,JP070 ECII_12months_199D5-Rasgrp2
SRR11875200,,JP072 ECII_12months_199D5-Rasgrp2
SRR11875201,,JP073 ECII_12months_344N1-Rasgrp2
SRR11875202,,JP074 ECII_12months_344N1-Rasgrp2
SRR11875203,,JP075 ECII_12months_344N1-Rasgrp2
SRR11875242,,JP140 ECII_24months_199D5-Rasgrp2
SRR11875243,,JP141 ECII_24months_199D5-Rasgrp2
SRR11875244,,JP142 ECII_24months_199D5-Rasgrp2
SRR11875245,,JP143 ECII_24months_344N1-Rasgrp2
SRR11875246,,JP144 ECII_24months_344N1-Rasgrp2
SRR11875247,,JP145 ECII_24months_344N1-Rasgrp2
SRR11875284,,JP213 ECII_5months_344N1-Rasgrp2
SRR11875285,,JP214 ECII_5months_344N1-Rasgrp2
SRR11875286,,JP215 ECII_5months_344N1-Rasgrp2
SRR12005521,JBRS004J_S10,larp1+Glc+Torin2 2
SRR12005520,JBRS004K_S11,larp1+Glc+Torin2 3
SRR12005515,JBRS004E_S5,larp1+Glc 1
SRR12005514,JBRS004G_S7,larp1+Glc 2
SRR12005513,JBRS004H_S8,larp1+Glc 3
SRR12005512,JBRS004I_S9,larp1+Glc+Torin2 1
SRR12008056,larp1+Glc,larp1+Glc
SRR12008055,larp1+Glc+Torin2,larp1+Glc+Torin2
SRR12337209,,rpsa1_cm
SRR12337214,,rpsa1_cap_high
SRR12382206,,HEK293T-RPS2-STAMP none
SRR12382207,,HEK293T-RPS2-STAMP low
SRR12382208,,HEK293T-RPS2-STAMP high
SRR12382209,,HEK293T-RPS2-STAMP none rep1
SRR12382210,,HEK293T-RPS2-STAMP none rep2
SRR12382211,,HEK293T-RPS2-STAMP 24h low rep1
SRR12382212,,HEK293T-RPS2-STAMP 24h low rep2
SRR12382213,,HEK293T-RPS2-STAMP 24h high rep1
SRR12382214,,HEK293T-RPS2-STAMP 24h high rep2
SRR12382215,,HEK293T-RPS2-STAMP 48h low rep1
SRR12382216,,HEK293T-RPS2-STAMP 48h low rep2
SRR12382217,,HEK293T-RPS2-STAMP 48h high rep1
SRR12382218,,HEK293T-RPS2-STAMP 48h high rep2
SRR12382219,,HEK293T-RPS2-STAMP 72h low rep1
SRR12382220,,HEK293T-RPS2-STAMP 72h low rep2
SRR12382221,,HEK293T-RPS2-STAMP 72h high rep1
SRR12382222,,HEK293T-RPS2-STAMP 72h high rep2
SRR12382223,,HEK293T-RPS3-STAMP none
SRR12382225,,HEK293T-RPS3-STAMP high
SRR12382226,,HEK293T-RPS2-STAMP 48h high Torin-1 rep1
SRR12382227,,HEK293T-RPS2-STAMP 48h high Torin-1 rep2
SRR12382228,,HEK293T-RPS2-STAMP 48h high insulin rep1
SRR12382229,,HEK293T-RPS2-STAMP 48h high insulin rep2
SRR12391501,,RPS2-STAMP
SRR12482602,,SRP72p.Input.cytosolic.rep1
SRR12482603,,SRP72p.Input.cytosolic.rep2
SRR12482604,,SRP72p.Hel2_IPed.cytosolic.rep1
SRR12482605,,SRP72p.Hel2_IPed.cytosolic.rep2
SRR12482606,,SRP72p.Input.memb.solubilized.rep1
SRR12482607,,SRP72p.Input.memb.solubilized.rep2
SRR12482608,,SRP72p.Hel2_IPed.memb.solubilized.rep1
SRR12482609,,SRP72p.Hel2_IPed.memb.solubilized.rep2
SRR12511461,JR_SP2_RPI_6_WT.fq.gz,C6orf203 KO cells
SRR12511459,JR_SP2_RPI_5_mtIF3_KO.fq.gz,C6orf203 KO cells
SRR13068165,,mmMO 1: Control Morpholino Replicate 1
SRR13068166,,mmMO 2: Control Morpholino Replicate 2
SRR13068167,,mmMO 3: Control Morpholino Replicate 3
SRR13068168,,mmMO 4: Control Morpholino Replicate 4
SRR13068169,,mmMO 5: Control Morpholino Replicate 5
SRR13068170,,MO 1: NSD3 Morpholino Replicate 1
SRR13068171,,MO 2: NSD3 Morpholino Replicate 2
SRR13068172,,MO 3: NSD3 Morpholino Replicate 3
SRR13068173,,MO 4: NSD3 Morpholino Replicate 4
SRR13068174,,MO 5: NSD3 Morpholino Replicate 5
SRR13679820,,frog_oocyte_eGFP_RPL3_HA_PALTRAP_input
SRR13679821,,frog_oocyte_eGFP_RPL3_HA_PALTRAP_input
SRR13679822,,frog_oocyte_eGFP_RPL3_HA_PALTRAP_flowthrough
SRR13679823,,frog_oocyte_eGFP_RPL3_HA_PALTRAP_eluate
SRR13679824,,frog_oocyte_eGFP_RPL3_HA_PALTRAP_eluate
SRR13679825,,frog_oocyte_ePAB_RPL3_HA_PALTRAP_input
SRR13679826,,frog_oocyte_ePAB_RPL3_HA_PALTRAP_input
SRR13679827,,frog_oocyte_ePAB_RPL3_HA_PALTRAP_flowthrough
SRR13679828,,frog_oocyte_ePAB_RPL3_HA_PALTRAP_eluate
SRR13679829,,frog_oocyte_ePAB_RPL3_HA_PALTRAP_eluate
SRR13679839,,HeLa_RPL3_3xHA_siControl_48h_PAL_seq
SRR13679840,,HeLa_RPL3_3xHA_siPABPC1_48h_PAL_seq
SRR13679841,,HeLa_RPL3_3xHA_siPABPC1_siTUT4&7_48h_PAL_seq
SRR13679842,,HeLa_RPL3_3xHA_siPABPC1&4_48h_PAL_seq
SRR13679843,,HeLa_RPL3_3xHA_siPABPC1&4_siTUT4&7_48h_PAL_seq
SRR13734352,,mRNA_rps26‚àÜ‚àÜ_replicate_1
SRR13734353,,mRNA_rp26‚àÜ‚àÜ_replicate_2
SRR13961022,,m5B1_RP_S3
SRR13961023,,m5B2_RP_S4
SRR13961020,,WT1_RP_S1
SRR13961021,,WT2_RP_S2
SRR18049389,,shM1_RPTOR_1_input
SRR18049391,,shM1_RPTOR_2_input
SRR18049393,,shM1_RPTOR_3_input
SRR15164952,,RNAseq_invitro_Rptorflfl_org1_rep1
SRR15164953,,RNAseq_invitro_Rptorflfl_org1_rep2
SRR15164954,,RNAseq_invitro_Rptorflfl_org2_rep1
SRR15164955,,RNAseq_invitro_Rptorflfl_org2_rep2
SRR15446764,,E. coli RNA-seq - ŒîrplA N-lim 0.1 rep1
SRR15446765,,E. coli RNA-seq - ŒîrplA N-lim 0.1 rep2
SRR15446766,,E. coli RNA-seq - ŒîrplA N-lim 0.1 rep3
SRR15446767,,E. coli RNA-seq - ŒîrplA N-lim 0.6 rep1
SRR15446768,,E. coli RNA-seq - ŒîrplA N-lim 0.6 rep2
SRR15446769,,E. coli RNA-seq - ŒîrplA N-lim 0.6 rep3
SRR15912603,,RIP_4A1_siLARP1_input_replicate1
SRR15912604,,RIP_4A1_siLARP1_input_replicate2
SRR15912605,,RIP_4A1_siLARP1_pulldown
SRR17454403,GSM5773515,hESCs shNT_RP_rep1
SRR17454402,GSM5773516,hESCs shNT_RP_rep2
SRR17454401,GSM5773517,hESCs shNT_RP_rep3
SRR17454400,GSM5773518,hESCs shNT_RP_rep4
SRR17454399,GSM5773519,hESCs shDAP5_RP_rep1
SRR17454398,GSM5773520,hESCs shDAP5_RP_rep2
SRR17454397,GSM5773521,hESCs shDAP5_RP_rep3
SRR17454396,GSM5773522,hESCs shDAP5_RP_rep4
SRR18080577,GSM5907732,"cortex, CPN_hemi5_RP"
SRR18080571,GSM5907716,"forebrain, bulk_RP"
SRR18080569,GSM5907718,"forebrain, 2.5U/mL_RP"
SRR18080568,GSM5907719,"forebrain, 12.5U/mL_RP"
SRR18080567,GSM5907720,"forebrain, 62.5U/mL_RP"
SRR18080566,GSM5907721,"forebrain, 312.5U/mL_RP"
SRR18080563,GSM5907724,"cortex, 50kCPN_12.5U_RP"
SRR18080562,GSM5907725,"cortex, 50kCPN_2.5U_RP"
SRR18080561,GSM5907726,"cortex, 17kCPN_12.5U_RP"
SRR18080560,GSM5907727,"cortex, 50kSCPN_12.5U_RP"
SRR18080559,GSM5907728,"cortex, CPN_hemi1_RP"
SRR18080558,GSM5907729,"cortex, CPN_hemi2_RP"
SRR18080557,GSM5907730,"cortex, CPN_hemi3_RP"
SRR18080556,GSM5907731,"cortex, CPN_hemi4_RP"
SRR24833784,GSM7453779,RP_SCPN_13000
SRR24833783,GSM7453778,RP_CPN_13900
SRR24833781,GSM7453777,RP_CPN_15000
SRR24833769,GSM7453780,RP_SCPN_13200
SRR24833764,GSM7453785,RP_CPN_22500-1
SRR24833763,GSM7453786,RP_CPN_22500-2
SRR24833762,GSM7453787,RP_SCPN_14400
SRR24833761,GSM7453788,RP_SCPN_15800
SRR18676243,GSM6033188,RP_mRNA_4hpi_del_rep1
SRR18676242,GSM6033189,RP_mRNA_4hpi_del_rep2
SRR18676241,GSM6033190,RP_mRNA_4hpi_wt_rep1
SRR18676240,GSM6033191,RP_mRNA_4hpi_wt_rep2
SRR18676239,GSM6033192,RP_mRNA_7hpi_del_rep1
SRR18676238,GSM6033193,RP_mRNA_7hpi_del_rep2
SRR18676237,GSM6033202,RP_FP_mock_B_1
SRR18676236,GSM6033203,RP_FP_mock_B_2
SRR18676235,GSM6033204,RP_FP_WT4_A
SRR18676234,GSM6033205,RP_FP_WT4_B
SRR18676233,GSM6033206,RP_FP_WT7_A
SRR18676232,GSM6033207,RP_FP_WT7_B
SRR18676274,GSM6033194,RP_mRNA_7hpi_wt_rep1
SRR18676273,GSM6033195,RP_mRNA_7hpi_wt_rep2
SRR18676272,GSM6033196,RP_mRNA_Mock_B_rep1
SRR18676271,GSM6033197,RP_mRNA_Mock_B_rep2
SRR18676270,GSM6033198,RP_FP_delta4_A
SRR18676269,GSM6033199,RP_FP_delta4_B
SRR18676268,GSM6033200,RP_FP_delta7_A
SRR18676267,GSM6033201,RP_FP_delta7_B
SRR24014266,GSM7123570,MV4-11_RNAseq_3_RPL22KO_DMSO_Rep1
SRR24014265,GSM7123571,MV4-11_RNAseq_3_RPL22KO_DMSO_Rep2
SRR24014264,GSM7123572,MV4-11_RNAseq_3_RPL22KO_DMSO_Rep3
SRR24014263,GSM7123573,MV4-11_RNAseq_3_RPL22KO_DMSO_Rep4
SRR24014262,GSM7123574,MV4-11_RNAseq_3_RPL22KO_C16_Rep1
SRR24014261,GSM7123575,MV4-11_RNAseq_3_RPL22KO_C16_Rep2
SRR24014260,GSM7123576,MV4-11_RNAseq_3_RPL22KO_C16_Rep3
SRR24014259,GSM7123577,MV4-11_RNAseq_3_RPL22KO_C16_Rep4
SRR21575858,GSM6582058,"degron::GFP::rpoa-2, embryo, -IAA, 18h Control 1_R1"
SRR21575857,GSM6582059,"degron::GFP::rpoa-2, embryo, -IAA, 18h Control 1_R2"
SRR21575856,GSM6582060,"degron::GFP::rpoa-2, embryo, -IAA, 24h Control 2_R1"
SRR21575855,GSM6582061,"degron::GFP::rpoa-2, embryo, -IAA, 24h Control 2_R2"
SRR21575854,GSM6582062,"degron::GFP::rpoa-2; col-10p::TIR1, embryo, +IAA, 24h_R1"
SRR21575853,GSM6582063,"degron::GFP::rpoa-2; col-10p::TIR1, embryo, +IAA, 24h_R2"
SRR21575852,GSM6582064,"degron::GFP::rpoa-2; col-10p::TIR1, embryo, +IAA, 24h_R3"
SRR21575851,GSM6582065,"degron::GFP::rpoa-2; eft-3p::TIR1, embryo, +IAA, 24h_R1"
SRR21575850,GSM6582066,"degron::GFP::rpoa-2; eft-3p::TIR1, embryo, +IAA, 24h_R2"
SRR21871263,GSM6631676,"GTML, DMSO, RP, Rep1"
SRR21871262,GSM6631677,"GTML, DMSO, RP, Rep2"
SRR21871261,GSM6631678,"GTML, DMSO, RP, Rep3"
SRR21871260,GSM6631679,"GTML, Rapalink1, RP, Rep1"
SRR21871259,GSM6631680,"GTML, Rapalink1, RP, Rep2"
SRR21871258,GSM6631681,"GTML, Rapalink1, RP, Rep3"
SRR21871257,GSM6631682,"GTML, Rapamycin, RP, Rep1"
SRR21871256,GSM6631683,"GTML, Rapamycin, RP, Rep2"
SRR21871255,GSM6631684,"GTML, Rapamycin, RP, Rep3"
SRR23459694,GSM7044282,Pulled-down_mtRF1-AAQ_RP
SRR22580677,GSM6807052,Rpb1ChIP_WT_Replicate_1
SRR22580676,GSM6807053,Rpb1ChIP_WT_Replicate_2
SRR22580675,GSM6807054,Rpb1ChIP_WT_Replicate_3
SRR22580674,GSM6807055,Rpb1ChIP_dcp2_Replicate_1
SRR22580673,GSM6807056,Rpb1ChIP_dcp2_Replicate_2
SRR22580672,GSM6807057,Rpb1ChIP_dcp2_Replicate_3
SRR22865491,GSM6886868,"mitoRP, LRPPRC KO + LSFC point mutant, rep 1"
SRR22865490,GSM6886869,"mitoRP, LRPPRC KO + LSFC point mutant, rep 2"
SRR22865489,GSM6886870,"RNA-seq, LRPPRC KO + LSFC point mutant, rep 1"
SRR22865488,GSM6886871,"RNA-seq, LRPPRC KO + LSFC point mutant, rep 2"
SRR22865485,GSM6886874,"RNA-seq, LRPPRC KO, rep 1"
SRR22865484,GSM6886875,"RNA-seq, LRPPRC KO, rep 2"
SRR22865483,GSM6886876,"RNA-seq, LRPPRC KO+LRPPRC WT, rep 1"
SRR22865482,GSM6886877,"RNA-seq, LRPPRC KO+LRPPRC WT, rep 2"
SRR22865481,GSM6886878,"RNA-seq, LRPPRC KO+LSFC point mutant, rep 1"
SRR22865480,GSM6886879,"RNA-seq, LRPPRC KO+LSFC point mutant, rep 2"
SRR22878244,GSM6892105,"Chp1-GFP yeast SeRP, GFP IP, rep1"
SRR22878243,GSM6892106,"Chp1-GFP yeast SeRP, GFP IP, rep2"
SRR22878240,GSM6892109,"Chp1-GFP ŒîNAC yeast SeRP, GFP IP, rep1"
SRR22878239,GSM6892110,"Chp1-GFP ŒîNAC yeast SeRP, GFP IP, rep2"
SRR22878236,GSM6892113,"WT untagged yeast SeRP, GFP IP, rep1"
SRR22878235,GSM6892114,"WT untagged yeast SeRP, GFP IP, rep2"
SRR23205031,GSM6965692,ùö´rrpA/B conidia 1
SRR23205030,GSM6965693,ùö´rrpA/B conidia 2
SRR23205029,GSM6965694,ùö´rrpA/B conidia 3
SRR23205019,GSM6965704,ùö´rrpA/B 24-h mycelium 1
SRR23205018,GSM6965705,ùö´rrpA/B 24-h mycelium 2
SRR23205017,GSM6965706,ùö´rrpA/B 24-h mycelium 3
SRR23205007,GSM6965716,ùö´rrpA/B 48-h mycelium 1
SRR23205006,GSM6965717,ùö´rrpA/B 48-h mycelium 2
SRR23205005,GSM6965718,ùö´rrpA/B 48-h mycelium 3
SRR23363959,GSM7031913,Rpb1ChIP_pat1D_Replicate_1
SRR23363958,GSM7031914,Rpb1ChIP_pat1D_Replicate_2
SRR23363957,GSM7031915,Rpb1ChIP_pat1D_Replicate_3
SRR23363956,GSM7031916,Rpb1ChIP_dhh1D_Replicate_1
SRR23363955,GSM7031917,Rpb1ChIP_dhh1D_Replicate_2
SRR23363954,GSM7031918,Rpb1ChIP_dhh1D_Replicate_3
SRR23725108,GSM7083693,RPE_Pol II-Ser2P [0404]
SRR23725107,GSM7083692,RPE_Pol II [0404]
SRR23725106,GSM7083691,RPE_H3K27ac1 [0404]
SRR23725105,GSM7083690,RPE_H3K4me3 [0404]
SRR23725104,GSM7083689,RPE_Input [0127]
SRR23725103,GSM7083688,RPE_CK2 Late [0127]
SRR23725102,GSM7083699,RPE_H3K4me3 [0420]
SRR23725101,GSM7083698,RPE_Input [0414]
SRR23725100,GSM7083697,RPE_CK2 Early [0414]
SRR23725099,GSM7083696,RPE_KO_Input [0127]
SRR23725098,GSM7083695,RPE-KO_CK2 [0127]
SRR23725097,GSM7083694,RPE_Input [0404]
SRR23725096,GSM7083700,RPE_H3K27ac1 [0420]
SRR23725095,GSM7083701,RPE_Pol II [0420]
SRR23725094,GSM7083702,RPE_Pol II-Ser2P [0420]
SRR23725093,GSM7083703,RPE_Input [0420]
SRR23725092,GSM7083704,RPE-KO_CK2 [0414]
SRR23725091,GSM7083705,RPE_KO_Input [0414]
SRR23828877,GSM7093018,"RPE-1 cells, 0hr, transcription, rep1"
SRR23828876,GSM7093019,"RPE-1 cells, 5hr, transcription, rep1"
SRR23828875,GSM7093020,"RPE-1 cells, 10hr, transcription, rep1"
SRR23828874,GSM7093021,"RPE-1 cells, 15hr, transcription, rep1"
SRR23828873,GSM7093022,"RPE-1 cells, 0hr, transcription, rep2"
SRR23828872,GSM7093023,"RPE-1 cells, 5hr, transcription, rep2"
SRR23828871,GSM7093024,"RPE-1 cells, 10hr, transcription, rep2"
SRR23828870,GSM7093025,"RPE-1 cells, 15hr, transcription, rep2"
SRR23828869,GSM7093026,"RPE-1 cells, 0hr, transcription, rep3"
SRR23828868,GSM7093027,"RPE-1 cells, 5hr, transcription, rep3"
SRR23828867,GSM7093028,"RPE-1 cells, 10hr, transcription, rep3"
SRR23828866,GSM7093029,"RPE-1 cells, 15hr, transcription, rep3"
SRR23828865,GSM7093030,"RPE-1 cells, 0hr, transcription, rep4"
SRR23828864,GSM7093031,"RPE-1 cells, 5hr, transcription, rep4"
SRR23828863,GSM7093032,"RPE-1 cells, 10hr, transcription, rep4"
SRR23828862,GSM7093033,"RPE-1 cells, 15hr, transcription, rep4"
SRR23939406,GSM7111007,hiPSC kucg-2 RPC1 ChIP-Seq rep1
SRR23939405,GSM7111008,hiPSC kucg-2 RPC1 ChIP-Seq rep2
SRR23939404,GSM7111009,hiPSC wibj-2 RPC1 ChIP-Seq rep1
SRR23939403,GSM7111010,hiPSC wibj-2 RPC1 ChIP-Seq rep2
SRR23939402,GSM7111011,NPC RPC1 ChIP-Seq rep1
SRR23939401,GSM7111012,NPC RPC1 ChIP-Seq rep2
SRR23939400,GSM7111013,Neurons RPC1 ChIP-Seq rep1
SRR23939399,GSM7111014,Neurons RPC1 ChIP-Seq rep2
SRR23939389,GSM7111015,CM RPC1 ChIP-Seq rep1
SRR23939388,GSM7111016,CM RPC1 ChIP-Seq rep2
SRR23939387,GSM7111017,HEK293T RPC1 ChIP-Seq rep1
SRR23939386,GSM7111018,HEK293T RPC1 ChIP-Seq rep2
SRR23939381,GSM7111047,NPC derived MAF1 ctrl RPC1 ChIP-Seq rep2
SRR23939380,GSM7111048,NPC derived MAF1 KD RPC1 ChIP-Seq rep1
SRR23939379,GSM7111049,NPC derived MAF1 KD RPC1 ChIP-Seq rep2
SRR23939378,GSM7111050,hiPSC Pro-TGG body edit RPC1 ChIP-Seq rep1
SRR23939377,GSM7111051,hiPSC Pro-TGG body edit RPC1 ChIP-Seq rep2
SRR23939376,GSM7111052,NPC Pro-TGG body edit RPC1 ChIP-Seq rep1
SRR23939375,GSM7111053,NPC Pro-TGG body edit RPC1 ChIP-Seq rep2
SRR23939374,GSM7111054,hiPSC Pro-TGG upstream edit RPC1 ChIP-Seq rep1
SRR23939373,GSM7111063,hiPSC RPC7a KD RPC1 ChIP-Seq rep2
SRR23939358,GSM7111038,hiPSC MAF1 ctrl RPC1 ChIP-Seq rep1
SRR23939357,GSM7111039,hiPSC MAF1 ctrl RPC1 ChIP-Seq rep2
SRR23939356,GSM7111040,hiPSC MAF1 KD RPC1 ChIP-Seq rep1
SRR23939355,GSM7111041,hiPSC MAF1 KD RPC1 ChIP-Seq rep2
SRR23939354,GSM7111042,NPC MAF1 ctrl RPC1 ChIP-Seq rep1
SRR23939353,GSM7111043,NPC MAF1 ctrl RPC1 ChIP-Seq rep2
SRR23939352,GSM7111044,NPC MAF1 KD RPC1 ChIP-Seq rep1
SRR23939351,GSM7111045,NPC MAF1 KD RPC1 ChIP-Seq rep2
SRR23939350,GSM7111046,NPC derived MAF1 ctrl RPC1 ChIP-Seq rep1
SRR23939349,GSM7111055,hiPSC Pro-TGG upstream edit RPC1 ChIP-Seq rep2
SRR23939348,GSM7111056,NPC Pro-TGG upstream edit RPC1 ChIP-Seq rep1
SRR23939347,GSM7111057,NPC Pro-TGG upstream edit RPC1 ChIP-Seq rep2
SRR23939346,GSM7111058,hiPSC RPC7a ChIP-Seq rep1
SRR23939345,GSM7111059,hiPSC RPC7a ChIP-Seq rep2
SRR23939344,GSM7111060,hiPSC RPC7a ctrl RPC1 ChIP-Seq rep1
SRR23939343,GSM7111061,hiPSC RPC7a ctrl RPC1 ChIP-Seq rep2
SRR23939342,GSM7111062,hiPSC RPC7a KD RPC1 ChIP-Seq rep1
SRR24044810,RPL39l_WT_1_RNASEQ,
SRR24044809,RPL39l_WT_2_RNASEQ,
SRR24044808,RPL39l_2_9_2_RNASEQ,
SRR24044807,RPL39l_2_9_3_RNASEQ,
SRR24044806,RPL39l_2_11_1_RNASEQ,
SRR24044805,RPL39l_2_11_2_RNASEQ,
SRR24044804,RPL39l_2_11_3_RNASEQ,
SRR24044798,RPL39l_WT_3_RNASEQ,
SRR24044787,RPL39l_1_17_1_RNASEQ,
SRR24044786,RPL39l_1_17_2_RNASEQ,
SRR24044785,RPL39l_1_17_3_RNASEQ,
SRR24044784,RPL39l_1_20_1_RNASEQ,
SRR24044783,RPL39l_1_20_2_RNASEQ,
SRR24044782,RPL39l_1_20_3_RNASEQ,
SRR24044781,RPL39l_2_9_1_RNASEQ,
SRR24230484,GSM7191426,Interphase TIS Input RNA rep 1
SRR24230479,GSM7191428,Interphase elongating Input RNA rep 1
SRR24230478,GSM7191430,Interphase TIS Input RNA rep 2
SRR24230477,GSM7191432,Interphase elongating Input RNA rep 2
SRR24520404,GSM7329721,RP_Cas13_control_biol_rep_1
SRR24520403,GSM7329722,RP_Cas13_control_biol_rep_2
SRR24520402,GSM7329723,RP_Cas13_AUG_target_biol_rep_1
SRR24520401,GSM7329724,RP_Cas13_AUG_target_biol_rep_2
SRR24520400,GSM7329725,RP_dCas13_control_biol_rep_1
SRR24520399,GSM7329726,RP_dCas13_control_biol_rep_2
SRR24520398,GSM7329727,RP_dCas13_AUG_target_biol_rep_1
SRR24520397,GSM7329728,RP_dCas13_AUG_target_biol_rep_2
DRR395100,"RNA-seq of Arabiodpsis thaliana seedling: norflurazon (inhibitor), blue-light irradation, rep1","RNA-seq of Arabiodpsis thaliana seedling: norflurazon (inhibitor), blue-light irradation rep1"
DRR395101,"RNA-seq of Arabiodpsis thaliana seedling: norflurazon (inhibitor), blue-light irradation, rep2","RNA-seq of Arabiodpsis thaliana seedling: norflurazon (inhibitor), blue-light irradation rep2"
DRR395102,"RNA-seq of Arabiodpsis thaliana seedling: norflurazon (inhibitor), dark condition, rep1","RNA-seq of Arabiodpsis thaliana seedling: norflurazon (inhibitor), dark condition rep1"
DRR395103,"RNA-seq of Arabiodpsis thaliana seedling: norflurazon (inhibitor), dark condition, rep2","RNA-seq of Arabiodpsis thaliana seedling: norflurazon (inhibitor), dark condition rep2"
ERR3445479,nrf1-1_+Fe root_s,nrf1-1_+Fe root
ERR3445480,nrf1-1_-Fe root_s,nrf1-1_-Fe root
ERR3445481,nrf1-2_+Fe root_s,nrf1-2_+Fe root
ERR3445482,nrf1-2_-Fe root_s,nrf1-2_-Fe root
SRR26989805,GSM7923449,"RRL with FVBeta-UGG and eRF1-AAQ, replicate 1"
SRR26989806,GSM7923449,"RRL with FVBeta-UGG and eRF1-AAQ, replicate 1"
SRR26989793,GSM7923455,"RRL with FVBeta-UGG and eRF1-AAQ, replicate 2"
SRR26989794,GSM7923455,"RRL with FVBeta-UGG and eRF1-AAQ, replicate 2"
SRR30321796,GSM8475111,d_erf1_input_trex
SRR30321795,GSM8475112,d_erf1_input_WT1
SRR30321794,GSM8475113,d_erf1_input_WT2
SRR30321793,GSM8475114,d_erf1_input_AAQ1
SRR30321792,GSM8475115,d_erf1_input_AAQ2
SRR30321791,GSM8475116,d_erf1_IP_trex
SRR30321790,GSM8475117,d_erf1_IP_WT1
SRR30321789,GSM8475118,d_erf1_IP_WT2
SRR30321788,GSM8475119,d_erf1_IP_AAQ1
SRR30321787,GSM8475120,d_erf1_IP_AAQ2
SRR30321786,GSM8475121,m_erf1_input_trex
SRR30321785,GSM8475122,m_erf1_input_WT1
SRR30321784,GSM8475123,m_erf1_input_WT2
SRR30321783,GSM8475124,m_erf1_input_AAQ1
SRR30321782,GSM8475125,m_erf1_input_AAQ2
SRR30321781,GSM8475126,m_erf1_IP_trex
SRR30321780,GSM8475127,m_erf1_IP_WT1
SRR30321779,GSM8475128,m_erf1_IP_WT2
SRR30321778,GSM8475129,m_erf1_IP_AAQ1
SRR30321777,GSM8475130,m_erf1_IP_AAQ2
SRR2052967,,Interferon treatment cytosol mRNA-seq (Rep 1)
SRR2052968,,Interferon treatment ER mRNA-seq (Rep 1)
SRR2052979,,Interferon treatment cytosol mRNA-seq (Rep 2)
SRR2052980,,Interferon treatment ER mRNA-seq (Rep 2)
SRR2064025,,mRNA uninfected fibroblasts treated with type 1 interferon
SRR2876925,,tRFGG_RBF1
SRR2876926,,tRFGG_RBF2
SRR2876927,,tRFGG_RBF3
SRR2876928,,tRFGG_RBF4
SRR2876937,,tRFGG_RNAseq1
SRR2876938,,tRFGG_RNAseq2
SRR2876939,,tRFGG_RNAseq3
SRR2876940,,tRFGG_RNAseq4
SRR3111303,,no_kcl1_GACACCGGT_RF
SRR3111305,,no_kcl2_ACATCTCTT_RF
SRR3111307,,no_kcl3_TGTGTGAAG_RF
SRR3111309,,yes_kcl4_TTAGGGACC_RF
SRR3111311,,yes_kcl5_CACAGAAGG_RF
SRR5186140,,mRNA-seq 37¬∞C in WT with plasmid expressing mini-ORF CUA
SRR5186141,,mRNA-seq 37¬∞C in WT with plasmid expressing mini-ORF CUG
SRR3328252,,Sample_P493_2_RF
SRR3328253,,Sample_P493_2_RF
SRR3328254,,Sample_P493_3_RF
SRR3328255,,Sample_P493_3_RF
SRR3328256,,Sample_P493tet_1_RF
SRR3328257,,Sample_P493tet_1_RF
SRR3328258,,Sample_P493tet_2_RF
SRR3328259,,Sample_P493tet_2_RF
SRR3328260,,Sample_P493tet_3_RF
SRR3328261,,Sample_P493tet_3_RF
SRR5938230,,Ptet_1_plus_HR_RF
SRR5938231,,Ptet_1_plus_HR_RF
SRR5938232,,Ptet_2_plus_HR_RF
SRR5938233,,Ptet_2_plus_HR_RF
SRR5938234,,Ptet_3_plus_HR_RF
SRR5938235,,Ptet_3_plus_HR_RF
SRR3680966,,RF_M_min_rep1
SRR3680967,,RF_M_min_rep2
SRR3680968,,RF_M_min_rep3
SRR3680969,,RF_M_min_rep4
SRR3680970,,RF_M_plus_rep1
SRR3680971,,RF_M_plus_rep2
SRR3680972,,RF_M_plus_rep3
SRR3680973,,RF_M_plus_rep4
SRR4203378,,RF-Mock Rep1
SRR4203379,,RF-Mock Rep2
SRR4203380,,RF-elf18 Rep1
SRR4203381,,RF-elf18 Rep2
SRR4421268,,‚àÜRF3_exp1_mRNA
SRR4421269,,‚àÜRF3_exp3_mRNA
SRR4421270,,‚àÜRF3_exp3_mRNA
SRR4421271,,RF2*_exp1_mRNA
SRR4421272,,RF2*_exp3_mRNA
SRR4421273,,RF2*_exp3_mRNA
SRR4421274,,RF2*‚àÜRF3_exp2_repA_mRNA
SRR4421275,,RF2*‚àÜRF3_exp2_repB_mRNA
SRR4421276,,RF2*‚àÜRF3_exp3_mRNA
SRR4421277,,RF2*‚àÜRF3_exp3_mRNA
SRR4421278,,RF2*‚àÜRF3_exp4_repA_mRNA
SRR4421279,,RF2*‚àÜRF3_exp4_repB_mRNA
SRR4421298,,‚àÜRF3_minimal_mRNA
SRR6687543,,col_RF_rep1
SRR6687544,,col_RF_rep2
SRR6687545,,atpabs_RF_rep1
SRR6687546,,atpabs_RF_rep2
SRR8558088,,RNASEQ-eRF3-KO-1
SRR8558089,,RNASEQ-eRF3-KO-2
SRR8627910,,Col-0_RF_rep1
SRR8627911,,Col-0_RF_rep1
SRR8627912,,Col-0_RF_rep2
SRR8627913,,Col-0_RF_rep2
SRR8627914,,rlmnl3_RF_rep1
SRR8627915,,rlmnl3_RF_rep1
SRR8627916,,rlmnl3_RF_rep2
SRR8627917,,rlmnl3_RF_rep2
SRR11174244,TEJA11,nonu-1(srf0780) unc-54(srf0788)
SRR11174243,TEJA12,skih-2(cc2854) unc-54(srf0788)
SRR11174240,JA275,"unc-54(srf0788), unc-54(srf0788) nonu-1(srf0791), unc-54(srf0788) nonu-1(srf0802)"
SRR11174239,SJA242,unc-54(srf0788)  pelo-1(cc2849) skih-2(cc2854)
SRR11174238,SJA243,unc-54(srf0788) nonu-1(srf2138) pelo-1(cc2849) skih-2(cc2854)
SRR11174236,SJA245,unc-54(cc4092) skih-2(cc2854) pelo-1(cc2849) nonu-1(srf3015)
SRR11174235,SPL11L,unc-54(srf0788) nonu-1(srf2138) pelo-1(cc2849) skih-2(cc2854)
SRR11174234,TEJA01,nonu-1(srf0780) unc-54(cc4092)
SRR11174233,SPM11S_L006,unc-54(srf0788) nonu-1(srf2138) pelo-1(cc2849) skih-2(cc2854)
SRR11174232,SPM11S_L008,unc-54(srf0788) nonu-1(srf2138) pelo-1(cc2849) skih-2(cc2854)
SRR11174229,TEJA13,unc-54(srf0788)
SRR11174228,TEJA14,nonu-1(srf0780) unc-54(srf0788)
SRR11174227,TEJA15,skih-2(cc2854) unc-54(srf0788)
SRR11174226,TEJA02,nonu-1(srf0780) unc-54(cc4092)
SRR11174225,TEJA07,nonu-1(srf0780) unc-54(cc4092)
SRR11174222,TEJA08,nonu-1(srf0780) skih-2(cc2854) unc-54(cc4092)
SRR11174221,TEJA09,nonu-1(srf0780) skih-2(cc2854) unc-54(cc4092)
SRR11174220,TEJA10,unc-54(srf0788)
SRR9602035,,C6orf203 wild-type cells
SRR9602036,,C6orf203 wild-type cells
SRR9602037,,C6orf203 wild-type cells
SRR9602038,,C6orf203 wild-type cells
SRR9602039,,C6orf203 KO cells
SRR9602040,,C6orf203 KO cells
SRR9602041,,C6orf203 KO cells
SRR11005868,,Hs_H1_BG129_d13_LINC00261-sORF3-3_RNAseq_1
SRR11005869,,Hs_H1_BG130_d13_LINC00261-sORF3-10_RNAseq_1
SRR11851789,,RR880_RF_mouse_adult_Brain_input_WT
SRR11851790,,RR881_RF_mouse_adult_Brain_input_WT
SRR11851791,,RR882_RF_mouse_adult_Brain_input_WT
SRR11851792,,RR883_RF_mouse_adult_Brain_RF_WT
SRR11851793,,RR884_RF_mouse_adult_Brain_RF_WT
SRR11851794,,RR885_RF_mouse_adult_Brain_RF_WT
SRR11851795,,RR886_RF_mouse_adult_Brain_input_KO
SRR11851796,,RR887_RF_mouse_adult_Brain_input_KO
SRR11851797,,RR888_RF_mouse_adult_Brain_input_KO
SRR11851798,,RR889_RF_mouse_adult_Brain_RF_KO
SRR11851799,,RR890_RF_mouse_adult_Brain_RF_KO
SRR11851800,,RR891_RF_mouse_adult_Brain_RF_KO
SRR11915758,,RNAseq_RRFKD_5min [ks20]
SRR11915759,,RNAseq_RRFKD_15min [ks21]
SRR11915760,,RNAseq_RRFKD_60min [ks22]
SRR12318348,,iCLIP BRF1/2 1 low MW
SRR12318349,,iCLIP BRF1/2 1 high MW
SRR12318350,,iCLIP BRF1/2 2
SRR12318351,,iCLIP BRF1/2 3
SRR12507489,,RNAseq_WT_shARF_replicate_1
SRR12507490,,RNAseq_WT_shARF_replicate_2
SRR12507491,,RNAseq_ArfKO_shSCR_replicate_1
SRR12507492,,RNAseq_ArfKO_shSCR_replicate_2
SRR12511460,SP_SP3_PI_7_WT.fq.gz,C6orf203 KO cells
SRR12511458,SP_SP3_PI_9_mtIF3_KO.fq.gz,C6orf203 KO cells
SRR13142684,,rend_CRISPRi_RF1
SRR13142685,,rend_CRISPRi_RF2
SRR17598643,,"C9ORF72 mutation carrier female 26#6, chx treated"
SRR17598644,,"C9ORF72 mutation carrier female 26#6, hht treated"
SRR17598645,,"C9ORF72 mutation carrier male 27#11, chx treated"
SRR17598646,,"C9ORF72 mutation carrier male 27#11, hht treated"
SRR17598647,,"C9ORF72 mutation carrier male 28ALS, chx treated"
SRR17598648,,"C9ORF72 mutation carrier male 28ALS, hht treated"
SRR17598655,,"C9ORF72 mutation carrier female 26#6, hht combined"
SRR17598656,,"C9ORF72 mutation carrier male 27#11, hht combined"
SRR17598657,,"C9ORF72 mutation carrier male 28ALS, hht combined"
SRR17598661,,"HEK293T C9ORF72 reporter chx, RNAse1"
SRR17598662,,"HEK293T C9ORF72 reporter chx, RNAseAT"
SRR17598663,,"HEK293T C9ORF72 reporter hrt, RNAse 1"
SRR17598664,,"HEK293T C9ORF72 reporter hrt, RNAse AT"
SRR17598665,,"HEK293T C9ORF72 reporter, negative for repeat expansion chx, RNASe 1"
SRR17598671,,HEK293T C9ORF72 reporter hrt
SRR17598672,,"HEK293T C9ORF72 reporter, negative for repeat expansion 4egi"
SRR17598673,,"HEK293T C9ORF72 reporter, negative for repeat expansion chx"
SRR17598674,,"HEK293T C9ORF72 reporter, negative for repeat expansion hrt"
SRR18360423,GSM5959183,ORF9c-1-poly
SRR18360422,GSM5959184,ORF9c-2-poly
SRR18360421,GSM5959185,ORF9c-1-IN
SRR18360420,GSM5959186,ORF9c-2-IN
SRR18473717,GSM5971589,"C. albicans culture, Surfactin 1"
SRR18473716,GSM5971590,"C. albicans culture, Surfactin 2"
SRR18473715,GSM5971591,"C. albicans culture, Surfactin 3"
SRR18575353,smORF-22,
SRR18575351,smORF-RNA-Seq-009,
SRR18575350,smORF-RNA-Seq-007,
SRR18575349,smORF-RNA-Seq-008,
SRR18575348,smORF-20,
SRR18575347,smORF-18,
SRR18575346,smORF-RNA-Seq-005,
SRR18575345,smORF-RNA-Seq-006,
SRR18575352,smORF-RNA-Seq-010,
SRR18575344,smORF-16,
SRR18575343,smORF-RNA-Seq-003,
SRR18575342,smORF-RNA-Seq-004,
SRR18575341,smORF-14,
SRR18575340,smORF-RNA-Seq-001,
SRR18575339,smORF-RNA-Seq-002,
SRR18575338,smORF-12,
SRR22078074,GSM6692722,mtRF1-AAQ mito-monosomes
SRR22078072,GSM6692724,mtRF1-AAQ mito-monosomes longer fragments
SRR22123266,GSM6701632,mtRF1 WT
SRR22123265,GSM6701633,mtRF1 KO
SRR23939398,GSM7111023,Neorons BRF1 ChIP-Seq rep1
SRR23939397,GSM7111024,Neurons BRF1 ChIP-Seq rep2
SRR23939396,GSM7111025,CM BRF1 ChIP-Seq rep1
SRR23939395,GSM7111026,CM BRF1 ChIP-Seq rep2
SRR23939385,GSM7111019,hiPSC BRF1 ChIP-Seq rep1
SRR23939384,GSM7111020,hiPSC BRF1 ChIP-Seq rep2
SRR23939383,GSM7111021,NPC BRF1 ChIP-Seq rep1
SRR23939382,GSM7111022,NPC BRF1 ChIP-Seq rep2
SRR25939213,GSM7696010,hiPSC Pro-TGG upstream edit BRF1 ChIP-Seq rep1
SRR25939212,GSM7696011,hiPSC Pro-TGG upstream edit BRF1 ChIP-Seq rep2
SRR25939211,GSM7696012,NPC Pro-TGG upstream edit BRF1 ChIP-Seq rep1
SRR25939210,GSM7696013,NPC Pro-TGG upstream edit BRF1 ChIP-Seq rep2
SRR24332956,D425_sgASNSD1-uORF_3,D425
SRR24332955,D425_sgASNSD1-uORF_2,D425
SRR24332954,D425_sgASNSD1-uORF_1,D425
SRR24333913,D283_sgASDURF_3,D283Med
SRR24333912,D283_sgASDURF_2,D283Med
SRR24333911,D283_sgASDURF_1,D283Med
SRR24451450,GSM7304543,"Per2uORF mutant male, RNAseq ZT02-04, rep1"
SRR24451449,GSM7304544,"Per2uORF mutant male, RNAseq ZT02-04, rep2"
SRR24451448,GSM7304545,"Per2uORF mutant male, RNAseq ZT02-04, rep3"
SRR25115685,GSM7528729,"PLC/PRF/5, RNA-seq-WT-rep 1"
SRR25115684,GSM7528730,"PLC/PRF/5, RNA-seq-WT-rep 2"
SRR25115682,GSM7528731,"PLC/PRF/5, RNA-seq-WT-rep 3"
SRR25115681,GSM7528732,"PLC/PRF/5, RNA-seq-TARBP1-KO-rep 1"
SRR25115683,GSM7528733,"PLC/PRF/5, RNA-seq-TARBP1-KO-rep 2"
SRR25115680,GSM7528734,"PLC/PRF/5, RNA-seq-TARBP1-KO-rep 3"
ERR419251,HeLa Unk + Gfp Expression Extract 2,HeLa_Unk+Gfp_overexpression_replicate_2
ERR419252,HeLa Gfp Expression Control Extract 2,HeLa_Gfp_expression_control_replicate_2
ERR419249,HeLa Gfp Expression Control Extract 1,HeLa_Gfp_expression_control_replicate_1
ERR419250,HeLa Unk + Gfp Expression Extract 3,HeLa_Unk+Gfp_overexpression_replicate_3
ERR419248,HeLa Unk + Gfp Expression Extract 1,HeLa_Unk+Gfp_overexpression_replicate_1
ERR13439967,delta_efp_red_XPPX,delta_efp_red_XPPX
ERR13439957,delta_efp_red_XXXP,delta_efp_red_XXXP
ERR13439966,delta_efp_white_XXXX,delta_efp_white_XXXX
ERR13439958,delta_efp_white_XXXP,delta_efp_white_XXXP
ERR13439964,delta_efp_white_PXXX,delta_efp_white_PXXX
ERR13439959,delta_efp_red_XXPX,delta_efp_red_XXPX
ERR13439963,delta_efp_red_PXXX,delta_efp_red_PXXX
ERR13439962,delta_efp_white_XPXX,delta_efp_white_XPXX
ERR13439965,delta_efp_red_XXXX,delta_efp_red_XXXX
ERR13439968,delta_efp_white_XPPX,delta_efp_white_XPPX
ERR13439960,delta_efp_white_XXPX,delta_efp_white_XXPX
ERR13439961,delta_efp_red_XPXX,delta_efp_red_XPXX
SRR25880420,GSM7754563,"heart, GFP, 1"
SRR26142444,GSM7794712,"SKMEL28 shGFP, total mRNA, rep1"
SRR26142443,GSM7794713,"SKMEL28 shGFP, total mRNA, rep2"
SRR26142442,GSM7794714,"SKMEL28 shGFP, total mRNA, rep3"
SRR26142438,GSM7794718,"SKMEL28 shGFP, light polysome fraction, rep1"
SRR26142437,GSM7794719,"SKMEL28 shGFP, light polysome fraction, rep2"
SRR26142436,GSM7794720,"SKMEL28 shGFP, light polysome fraction, rep3"
SRR26142435,GSM7794721,"SKMEL28 shGFP,heavy polysome fraction, rep1"
SRR26142434,GSM7794722,"SKMEL28 shGFP,heavy polysome fraction, rep2"
SRR26142433,GSM7794723,"SKMEL28 shGFP,heavy polysome fraction, rep3"
SRR26453736,BY4741_NAA25_GFP_total_rep1,
SRR26453735,BY4741_NAA25_GFP_total_rep2,
SRR26453734,BY4741_NAA10-GFP_total_rep1,
SRR26453733,BY4741_NAA10-GFP_IP_rep1,
SRR26453732,BY4741_NAA25_GFP_IP_rep1,
SRR26453731,BY4741_NAA25_GFP_IP_rep2,
SRR26453730,BY4741_NAA20_GFP_total_rep1,
SRR26453729,BY4741_NAA20_GFP_IP_rep1,
SRR26453728,BY4741_NAA15_GFP_total_rep1,
SRR26453727,BY4741_NAA15_GFP_total_rep2,
SRR26453726,BY4741_NAA15_GFP_IP_rep1,
SRR27150640,GSM7962077,"efp mutant, biological replicate 1"
SRR27150639,GSM7962078,"efp mutant, biological replicate 2"
SRR28476229,dEFPL_3_rna,
SRR28476227,dEFP_1_rna,
SRR28476225,dEFP_2_rna,
SRR28476223,dEFP_3_rna,
SRR28476221,dEFPplEFPL_1_rna,
SRR28476218,dEFPplEFPL_2_rna,
SRR28476216,dEFPplEFPL_3_rna,
SRR28476211,dEFPL_1_rna,
SRR28476209,dEFPL_2_rna,
SRR28628311,GSM8198398,GFP-FLAG (negative control) immunoprecipitation in nutritional stress replicate 1
SRR28628310,GSM8198399,GFP-FLAG (negative control) immunoprecipitation in nutritional stress replicate 2
SRR28628309,GSM8198400,GFP-FLAG (negative control) immunoprecipitation in nutritional stress replicate 3
SRR28628308,GSM8198401,eIF4E3 immunoprecipitation (episomal using GFP antibodies) in nutritional stress replicate 1
SRR28628307,GSM8198402,eIF4E3 immunoprecipitation (episomal using GFP antibodies) in nutritional stress replicate 2
SRR28628306,GSM8198403,eIF4E3 immunoprecipitation (episomal using GFP antibodies) in nutritional stress replicate 3
SRR28628305,GSM8198404,eIF4E4 immunoprecipitation (episomal using GFP antibodies) in nutritional stress replicate 1
SRR28628304,GSM8198405,eIF4E4 immunoprecipitation (episomal using GFP antibodies) in nutritional stress replicate 2
SRR28628303,GSM8198406,eIF4E4 immunoprecipitation (episomal using GFP antibodies) in nutritional stress replicate 3
SRR28628254,GSM8198389,GFP-FLAG (negative control) immunoprecipitation in exponential growth replicate 1
SRR28628253,GSM8198390,GFP-FLAG (negative control) immunoprecipitation in exponential growth replicate 2
SRR28628252,GSM8198391,GFP-FLAG (negative control) immunoprecipitation in exponential growth replicate 3
SRR28628251,GSM8198392,eIF4E3 immunoprecipitation (episomal using GFP antibodies) in exponential growth replicate 1
SRR28628250,GSM8198393,eIF4E3 immunoprecipitation (episomal using GFP antibodies) in exponential growth replicate 2
SRR28628249,GSM8198394,eIF4E3 immunoprecipitation (episomal using GFP antibodies) in exponential growth replicate 3
SRR28628248,GSM8198395,eIF4E4 immunoprecipitation (episomal using GFP antibodies) in exponential growth replicate 1
SRR28628247,GSM8198396,eIF4E4 immunoprecipitation (episomal using GFP antibodies) in exponential growth replicate 2
SRR28628246,GSM8198397,eIF4E4 immunoprecipitation (episomal using GFP antibodies) in exponential growth replicate 3
SRR29165271,GSM8289607,GFP_Dox_rep1_RNA
SRR29165269,GSM8289609,GFP_DMSO_rep1_RNA
SRR29165267,GSM8289611,GFP_Dox_rep2_RNA
SRR29165265,GSM8289613,GFP_DMSO_rep2_RNA
SRR606181,,GFP_2.4_mRNASeq
SRR606182,,GFP_2.6_mRNASeq
SRR1066893,,fpWNM1
SRR1066894,,fpWNM2
SRR1066895,,fpWNC1
SRR1066896,,fpWNC2
SRR1066901,,fpW05M1
SRR1066902,,fpW05M2
SRR1066903,,fpW05C1
SRR1066904,,fpW05C2
SRR1066909,,fpW1M1
SRR1066910,,fpW1M2
SRR1066911,,fpW1C1
SRR1066912,,fpW1C2
SRR1066917,,fpW2M1
SRR1066918,,fpW2M2
SRR1066919,,fpW2C1
SRR1066920,,fpW2C2
SRR1066925,,fpW4M1
SRR1066926,,fpW4M2
SRR1066927,,fpW4C1
SRR1066928,,fpW4C2
SRR1177157,,BY_FP
SRR1177159,,RM_FP
SRR1177162,,hybrid_FP1
SRR1177163,,hybrid_FP2
SRR1507045,,GFP-control RNA-seq
SRR1507046,,GFP- WT DDX3X RN-Aseq
SRR1507047,,GFP- DDX3X T275M mutant RNA-seq
SRR1507048,,GFP- DDX3X G302V mutant RNA-seq
SRR1573930,,FP_dmso_1hr
SRR1573931,,FP_dmso_2hr
SRR1573932,,FP_silvestrol_1hr
SRR1573933,,FP_silvestrol_2hr
SRR1573934,,FP_untreated
SRR1573937,,FP_dmso_2hr_br
SRR1573938,,FP_silvestrol_2hr_br
SRR1573939,,FP_dmso
SRR1573940,,FP_ink128
SRR1734432,,efp_mops_rep1
SRR1734433,,efp_mops_rep2
SRR1734438,,efp_lb_rep1
SRR1734441,,efp_lb_rep2
SRR2503626,,RNAseq-siGFP
SRR2876929,,GFP_RBF1
SRR2876930,,GFP_RBF2
SRR2876931,,GFP_RBF3
SRR2876932,,GFP_RBF4
SRR2876941,,GFP_RNAseq1
SRR2876942,,GFP_RNAseq2
SRR2876943,,GFP_RNAseq3
SRR2876944,,GFP_RNAseq4
SRR3406185,,wdr12: GFP- rep1
SRR3406186,,wdr12: GFP- rep1
SRR3406187,,wdr12: GFP- rep2
SRR3406188,,wdr12: GFP- rep2
SRR3406189,,wdr12: GFP+ rep1
SRR3406190,,wdr12: GFP+ rep1
SRR3406191,,wdr12: GFP+ rep2
SRR3406192,,wdr12: GFP+ rep2
SRR3406193,,wdr12: GFP+ rep3
SRR3406194,,wdr12: GFP+ rep3
SRR3406195,,ebf3: GFP+ rep1
SRR3406196,,ebf3: GFP+ rep1
SRR3406197,,ebf3: GFP+ rep2
SRR3406198,,ebf3: GFP+ rep2
SRR3406199,,ebf3: GFP+ rep3
SRR3406200,,ebf3: GFP+ rep3
SRR3632670,,fp_harr_8hr_s2
SRR4023274,,WT_FP1
SRR4023275,,WT_FP2
SRR4023276,,WT_FP3
SRR4023280,,RelE_FP1
SRR4023281,,RelE_FP2
SRR5331668,,ZFP36_KO_Th1_4h_1
SRR5331669,,ZFP36_KO_Th1_4h_2
SRR5331670,,ZFP36_KO_Th1_4h_3
SRR5331671,,ZFP36_KO_Th1_4h_4
SRR5331675,,ZFP36_KO_Th1_3d_1
SRR5331676,,ZFP36_KO_Th1_3d_2
SRR5331677,,ZFP36_KO_Th1_3d_3
SRR5335823,,ZFP36_KO_4h_1
SRR5335824,,ZFP36_KO_4h_2
SRR5335825,,ZFP36_KO_4h_3
SRR5335830,,ZFP36_KO_3d_1
SRR6315852,eIF1,eIF2s1(S51A/+) 1 TRiP sample from Zdhhc2-EGFPL10a hippocampus
SRR6315851,Trained 3,Trained 3 TRiP sample from Zdhhc2-EGFPL10a hippocampus
SRR6315850,Na‚Ä¢ve 1,Naive 1 TRiP sample from Zdhhc2-EGFPL10a hippocampus
SRR6315849,FP2,FP2 trial TRiP experiment 1
SRR6315848,FP1,FP1 trial TRiP experiment 1
SRR6315846,Trained 2,Trained 2 TRiP sample from Zdhhc2-EGFPL10a hippocampus
SRR6315845,Trained 1,Trained 1 TRiP sample from Zdhhc2-EGFPL10a hippocampus
SRR6315844,eIF3,eIF2s1(S51A/+) 3 TRiP sample from Zdhhc2-EGFPL10a hippocampus
SRR6315843,eIF2,eIF2s1(S51A/+) 2 TRiP sample from Zdhhc2-EGFPL10a hippocampus
SRR6315842,Na‚Ä¢ve 3,Naive 3 TRiP sample from Zdhhc2-EGFPL10a hippocampus
SRR6315841,Na‚Ä¢ve 2,Naive 2 TRiP sample from Zdhhc2-EGFPL10a hippocampus
SRR6441601,,0hr fps
SRR6441602,,0hr fps
SRR6441603,,1.5hr fps
SRR6441604,,1.5hr fps
SRR6441605,,1.5hr fps
SRR6441606,,3hr fps
SRR6441607,,3hr fps
SRR6441608,,3hr fps
SRR6441609,,4.5hr fps
SRR6441610,,4.5hr fps
SRR6441611,,4.5hr fps
SRR6441612,,4.5hr fps
SRR6441613,,6hr fps
SRR6441614,,6hr fps
SRR6441615,,6hr fps
SRR6441616,,8hr fps
SRR6441617,,8hr fps
SRR6441618,,8hr fps
SRR6441619,,10hr fps
SRR6441620,,10hr fps
SRR6441670,,vegetative exponential fps prepped in parallel to the main timecourse samples for replicate 1
SRR6441671,,0hr fps prepped in parallel in parallel to the main timecourse samples for replicate 1
SRR6441672,,1.5hr fps prepped in parallel for replicate1
SRR6441673,,1.5hr fps prepped in parallel for replicate1
SRR6441674,,1.5hr fps prepped in parallel for replicate2
SRR6441683,,6hr fps prepped in parallel for replicate2
SRR6661181,,S2 cell stranded rRNA-depleted RNA-seq GFP-dsRNA-treated replicate 1
SRR6661182,,S2 cell stranded rRNA-depleted RNA-seq GFP-dsRNA-treated replicate 2
SRR6661183,,S2 cell stranded rRNA-depleted RNA-seq GFP-dsRNA-treated replicate 3
SRR7073131,,293t_hrgfp_arg_3h
SRR7073132,,293t_hrgfp_argtorin1_3h
SRR7073133,,293t_hrgfp_leu_3h
SRR7073134,,293t_hrgfp_leutorin1_3h
SRR7073135,,293t_hrgfp_rich_3h
SRR7073136,,293t_hrgfp_richtorin1_3h
SRR7073143,,hrgfp_arg_6h
SRR7073144,,hrgfp_leu_6h
SRR7073145,,hrgfp_rich_6h
SRR7107294,,egfp_unmod_1
SRR7107295,,egfp_unmod_1
SRR7107296,,egfp_unmod_1
SRR7107297,,egfp_unmod_1
SRR7107298,,egfp_unmod_1
SRR7107299,,egfp_unmod_1
SRR7107300,,egfp_unmod_1
SRR7107301,,egfp_unmod_1
SRR7107302,,egfp_unmod_1
SRR7107303,,egfp_unmod_1
SRR7107304,,egfp_unmod_1
SRR7107305,,egfp_unmod_1
SRR7107306,,egfp_unmod_1
SRR7107307,,egfp_unmod_1
SRR7107308,,egfp_unmod_1
SRR7107309,,egfp_unmod_2
SRR7107310,,egfp_unmod_2
SRR7107311,,egfp_unmod_2
SRR7107312,,egfp_unmod_2
SRR7107313,,egfp_unmod_2
SRR7107314,,egfp_unmod_2
SRR7107315,,egfp_unmod_2
SRR7107316,,egfp_unmod_2
SRR7107317,,egfp_unmod_2
SRR7107318,,egfp_unmod_2
SRR7107319,,egfp_unmod_2
SRR7107320,,egfp_unmod_2
SRR7107321,,egfp_pseudo_1
SRR7107322,,egfp_pseudo_1
SRR7107323,,egfp_pseudo_1
SRR7107324,,egfp_pseudo_1
SRR7107325,,egfp_pseudo_1
SRR7107326,,egfp_pseudo_1
SRR7107327,,egfp_pseudo_1
SRR7107328,,egfp_pseudo_1
SRR7107329,,egfp_pseudo_1
SRR7107330,,egfp_pseudo_1
SRR7107331,,egfp_pseudo_1
SRR7107332,,egfp_pseudo_1
SRR7107333,,egfp_pseudo_1
SRR7107334,,egfp_pseudo_2
SRR7107335,,egfp_pseudo_2
SRR7107336,,egfp_pseudo_2
SRR7107337,,egfp_pseudo_2
SRR7107338,,egfp_pseudo_2
SRR7107339,,egfp_pseudo_2
SRR7107340,,egfp_pseudo_2
SRR7107341,,egfp_pseudo_2
SRR7107342,,egfp_pseudo_2
SRR7107343,,egfp_pseudo_2
SRR7107344,,egfp_pseudo_2
SRR7107345,,egfp_m1pseudo_1
SRR7107346,,egfp_m1pseudo_1
SRR7107347,,egfp_m1pseudo_1
SRR7107348,,egfp_m1pseudo_1
SRR7107349,,egfp_m1pseudo_1
SRR7107350,,egfp_m1pseudo_1
SRR7107351,,egfp_m1pseudo_1
SRR7107352,,egfp_m1pseudo_1
SRR7107353,,egfp_m1pseudo_1
SRR7107354,,egfp_m1pseudo_1
SRR7107355,,egfp_m1pseudo_1
SRR7107356,,egfp_m1pseudo_1
SRR7107357,,egfp_m1pseudo_1
SRR7107358,,egfp_m1pseudo_1
SRR7107359,,egfp_m1pseudo_2
SRR7107360,,egfp_m1pseudo_2
SRR7107361,,egfp_m1pseudo_2
SRR7107362,,egfp_m1pseudo_2
SRR7107363,,egfp_m1pseudo_2
SRR7107364,,egfp_m1pseudo_2
SRR7107365,,egfp_m1pseudo_2
SRR7107366,,egfp_m1pseudo_2
SRR7107367,,egfp_m1pseudo_2
SRR7107368,,egfp_m1pseudo_2
SRR7107369,,egfp_m1pseudo_2
SRR7107370,,egfp_m1pseudo_2
SRR7107371,,egfp_m1pseudo_2
SRR7107372,,egfp_m1pseudo_2
SRR7265163,,1362 fp
SRR7265164,,1362 fp
SRR7265165,,1362 dtt fp
SRR7265166,,1362 dtt fp
SRR7265167,,1362 Tm fp
SRR7265168,,1362 Tm fp
SRR7265169,,4431 fp
SRR7265170,,4431 fp
SRR7265171,,4431 DTT fp
SRR7265172,,4431 DTT fp
SRR7265173,,4431 Tm fp
SRR7265197,,"no TIR +auxin, no treatment 1hr fp"
SRR7265198,,"no TIR +auxin, no treatment 1hr fp"
SRR7265199,,"no TIR +DMSO, +DTT 1hr fp"
SRR7265200,,"no TIR +DMSO, +DTT 1hr fp"
SRR7265201,,no TIR +auxin +DTT 1hr fp
SRR7265202,,no TIR +auxin +DTT 1hr fp
SRR7265203,,"no TIR +DMSO, +DTT 2hr fp"
SRR7265204,,"no TIR +DMSO, +DTT 2hr fp"
SRR7265205,,no TIR +auxin +DTT 2hr fp
SRR7265206,,no TIR +auxin +DTT 2hr fp
SRR7265207,,"+TIR +auxin, no treatment 1hr fp"
SRR7420393,,"TR_gfpsh_1; RNA-seq; Gfp shRNA, rep1"
SRR7420394,,"TR_gfpsh_2; RNA-seq; Gfp shRNA, rep2"
SRR7535559,,ShGFP_Input
SRR7535560,,ShGFP_Mono
SRR7535561,,ShGFP_Poly
SRR7535569,,ShGFP-A0h
SRR7535573,,ShGFP-A2h
SRR7535577,,ShGFP-A4h
SRR7535581,,ShGFP-A6h
SRR7535585,,ShGFP-B0h
SRR7535589,,ShGFP-B2h
SRR7535593,,ShGFP-B4h
SRR7535597,,ShGFP-B6h
SRR7638377,,GFP1 [iCLIP-seq]
SRR7638378,,GFP2 [iCLIP-seq]
SRR7638379,,GFP3 [iCLIP-seq]
SRR8397280,,NPY-GFP Ad Lib Fed ZT14 Collection 1
SRR8397281,,NPY-GFP Ad Lib Fed ZT14 Collection 2
SRR8397282,,NPY-GFP Ad Lib Fed ZT14 Collection 3
SRR8397283,,NPY-GFP Ad Lib Fed ZT2 Collection 1
SRR8397284,,NPY-GFP Ad Lib Fed ZT2 Collection 2
SRR8397285,,NPY-GFP Ad Lib Fed ZT2 Collection 3
SRR8397286,,NPY-GFP Ad Lib Fed ZT2 Collection 4
SRR8397287,,NPY-GFP Ad Lib Fed ZT2 Collection 5
SRR8397288,,NPY-GFP Ad Lib Fed ZT2 Collection 6
SRR8397289,,NPY-GFP Fasted ZT14 Collection 1
SRR8397290,,NPY-GFP Fasted ZT14 Collection 2
SRR8397291,,NPY-GFP Fasted ZT14 Collection 3
SRR8397292,,NPY-GFP Fasted ZT14 Collection 4
SRR8397293,,NPY-GFP Fasted ZT14 Collection 5
SRR8397294,,NPY-GFP Fasted ZT14 Collection 6
SRR8397295,,NPY-GFP Fasted ZT14 Collection 7
SRR8397296,,NPY-GFP Fasted ZT14 Collection 8
SRR8397297,,NPY-GFP Fasted ZT2 Collection 1
SRR8397298,,NPY-GFP Fasted ZT2 Collection 2
SRR8397299,,NPY-GFP Fasted ZT2 Collection 3
SRR8397300,,NPY-GFP Fasted ZT2 Collection 4
SRR8397301,,NPY-GFP Fasted ZT2 Collection 5
SRR8397302,,NPY-GFP Fasted ZT2 Collection 6
SRR8397303,,NPY-GFP Fasted ZT2 Collection 7
SRR8397330,,NPY-GFP 1 hr refeed ZT14 collection 1
SRR8397331,,NPY-GFP 1 hr refeed ZT14 collection 2
SRR8397332,,NPY-GFP 1 hr refeed ZT14 collection 3
SRR8397333,,NPY-GFP 1 hr refeed ZT14 collection 4
SRR8397334,,NPY-GFP 1 hr refeed ZT2 collection 1
SRR8397335,,NPY-GFP 1 hr refeed ZT2 collection 2
SRR8397336,,NPY-GFP 1 hr refeed ZT2 collection 3
SRR8397337,,NPY-GFP 1 hr refeed ZT2 collection 4
SRR8397338,,NPY-GFP 1 hr refeed ZT2 collection 5
SRR8439638,,yjw1863-Pnop2-gfp_replete_plusChx_mrna
SRR8439639,,yjw1863-Pnop2-gfp_starved_plusChx_mrna
SRR9165268,,HCT116_EGFP_Lib A_Unsorted_Replicate 1 (HM9)
SRR9165269,,HCT116_EGFP_Lib B_Unsorted_Replicate 1 (HM10)
SRR9165270,,HCT116_EGFP_Lib A_Bright_Replicate 1 (HM1)
SRR9165271,,HCT116_EGFP_Lib B_Bright_Replicate 1 (HM3)
SRR9165276,,HCT116_EGFP_Lib A_Unsorted_Replicate 2 (HM11)
SRR9165277,,HCT116_EGFP_Lib B_Unsorted_Replicate 2 (HM12)
SRR9165278,,HCT116_EGFP_Lib A_Bright_Replicate 2 (HM5)
SRR9165279,,HCT116_EGFP_Lib B_Bright_Replicate 2 (HM7)
SRR10135853,,CD1_IP-GFP
SRR10135855,,CD2_IP-GFP
SRR10135857,,CD3_IP-GFP
SRR10135859,,CD4_IP-GFP
SRR10135861,,HFD1_IP-GFP
SRR10135863,,HFD2_IP-GFP
SRR10135865,,HFD3_IP-GFP
SRR10135867,,HFD4_IP-GFP
SRR10539828,,GFP_RNAi_RNAseq1
SRR10539830,,GFP_RNAi_RNAseq2
SRR10502445,,mSRSF7-GFP_OE_iCLIP_mm9_TTGT_Rep3
SRR10502446,,mSRSF7-GFP_OE_iCLIP_mm9_GGTC_Rep4
SRR10502452,,mSRSF7-GFP_OE_noUV_iCLIP_mm9_GGTC_Rep1
SRR10502453,,mSRSF7-GFP_OE_noAb_iCLIP_mm9_TGGC_Rep1
SRR11053498,,In_vivo_Gating_GFP_low_rep1
SRR11053499,,In_vivo_Gating_GFP_high_rep1
SRR11053502,,In_vivo_Gating_GFP_low_rep2
SRR11053503,,In_vivo_Gating_GFP_high_rep2
SRR11713356,,fp_chx_05hr_1
SRR11713357,,fp_chx_05hr_2
SRR11713358,,fp_ltm_05hr_1
SRR11713359,,fp_ltm_05hr_2
SRR11713360,,fp_harr_05hr_1
SRR11713361,,fp_harr_05hr_2
SRR11713364,,fp_chx_24hr_1
SRR11713365,,fp_chx_24hr_2
SRR11713366,,fp_ltm_24hr_1
SRR11713367,,fp_ltm_24hr_2
SRR11713368,,fp_harr_24hr_1
SRR11713369,,fp_harr_24hr_2
SRR12216748,,fp_chx_07hr_1
SRR12216749,,fp_chx_07hr_2
SRR12216750,,fp_chx_07hr_2
SRR12216751,,fp_ltm_07hr_1
SRR12216752,,fp_ltm_07hr_2
SRR12216753,,fp_harr_07hr_1
SRR12216754,,fp_harr_07hr_2
SRR12097343,,1_GFP_only
SRR12316446,,RNA dMazEFpF rep1
SRR12316447,,RNA dMazEFpF rep2
SRR12318323,,mRNA Zfp36/Zfp36l1 dKO 1
SRR12318324,,mRNA Zfp36/Zfp36l1 dKO 2
SRR12318325,,mRNA Zfp36/Zfp36l1 dKO 3
SRR12318338,,4sU-seq labelled Zfp36/Zfp36l1 dKO 1
SRR12318339,,4sU-seq labelled Zfp36/Zfp36l1 dKO 2
SRR12318342,,4sU-seq unlabelled Zfp36/Zfp36l1 dKO 1
SRR12318343,,4sU-seq unlabelled Zfp36/Zfp36l1 dKO 2
SRR12318346,,4sU-seq total Zfp36/Zfp36l1 dKO 1
SRR12318347,,4sU-seq total Zfp36/Zfp36l1 dKO 2
SRR12790147,,QTI_seq_OE_GFP_rep1
SRR12790151,,QTI_seq_OE_GFP_rep2
SRR13036591,,LNCaP GFP sh 0 DOX R1 RNA-Seq
SRR13036592,,LNCaP GFP sh 0 DOX R2 RNA-Seq
SRR13036593,,LNCaP GFP sh 0 DOX R3 RNA-Seq
SRR13036594,,LNCaP GFP sh 200 DOX R1 RNA-Seq
SRR13036595,,LNCaP GFP sh 200 DOX R2 RNA-Seq
SRR13036596,,LNCaP GFP sh 200 DOX R3 RNA-Seq
SRR13165891,,Calu3_fp_uninf_1
SRR13165892,,Calu3_fp_uninf_2
SRR13165893,,Calu3_fp_3hpi
SRR13165894,,Calu3_fp_5hpi
SRR13165895,,Calu3_fp_8hpi_1
SRR13165896,,Calu3_fp_8hpi_2
SRR14891943,,Control_FP3
SRR14891944,,Control_FP4
SRR14891945,,Control_FP5
SRR14891949,,RA_FP3
SRR14891950,,RA_FP4
SRR14891951,,RA_FP5
SRR13679817,,frog_oocyte_eGFP_TAIL_seq
SRR13679830,,frog_oocyte_eGFP_eGFP_HA_PALTRAP_input
SRR13679831,,frog_oocyte_eGFP_eGFP_HA_PALTRAP_eluate
SRR13764262,,GFP_1
SRR13764263,,GFP_2
SRR13764264,,GFP_3
SRR13780869,,35S.GFP-EVD-GUS.Col-0 sRNA-seq
SRR13780870,,35S.GFP-EVD-GUS.rdr6 sRNA-seq
SRR18049377,,shGFP_1_input
SRR18049379,,shGFP_2_input
SRR18049381,,shGFP_3_input
SRR14275243,,Total RNA MDA CRISPRi eGFP Ctrl R1
SRR14275244,,Total RNA MDA CRISPRi eGFP Ctrl R2
SRR14275245,,Total RNA MDA CRISPRi eGFP OE Ile TAT R1
SRR14275246,,Total RNA MDA CRISPRi eGFP OE Ile TAT R2
SRR14870958,,GFP2
SRR14870959,,GFP3
SRR22123769,,3565_GSC_EGFP_rep1
SRR22123770,,3565_GSC_EGFP_rep2
SRR17694810,GSM5830098,gfpRNA: GFP transduced cortical culture RNA
SRR17694787,GSM5830121,gfpTAI: GFP transduced cortical culture tail lengths
SRR18113831,GSM5911806,H9_EGFP_OE48h_smartseq_rep4
SRR18113830,GSM5911807,H9_EGFP_OE48h_smartseq_rep2
SRR18113829,GSM5911808,H9_EGFP_OE48h_smartseq_rep1
SRR18113828,GSM5911809,H9_EGFP_OE48h_smartseq_rep3
SRR18676199,GSM6033152,OE_SLAM_GFP_0hr
SRR18676198,GSM6033153,OE_SLAM_GFP_2hr_A
SRR18676323,GSM6033154,OE_SLAM_GFP_2hr_B
SRR18676322,GSM6033155,OE_SLAM_GFP_3hr_A
SRR18676321,GSM6033156,OE_SLAM_GFP_3hr_B
SRR18676320,GSM6033157,OE_SLAM_GFP_4hr
SRR18676207,GSM6033122,Frac_GFP_A_Cytosol
SRR18676285,GSM6033123,Frac_GFP_A_Nucleus
SRR18676208,GSM6033124,Frac_GFP_A_Total
SRR18676284,GSM6033125,Frac_GFP_B_Cytosol
SRR18676209,GSM6033126,Frac_GFP_B_Nucleus
SRR18676283,GSM6033127,Frac_GFP_B_Total
SRR18923660,GSM6067820,sfp1 KO
SRR18923661,GSM6067820,sfp1 KO
SRR20142194,GSM6337651,A549_GFP_A
SRR20142190,GSM6337655,A549_GFP_B
SRR21102204,GSM6470171,R1_40S_siGFP
SRR21102199,GSM6470176,R1_RNS_siGFP
SRR21102196,GSM6470179,R2_40S_siGFP
SRR21102191,GSM6470184,R2_RNS_siGFP
SRR21743106,GSM6605222,"YFP-STOP_mRNA_A, RNA-seq"
SRR21743105,GSM6605223,"YFP-STOP_mRNA_B, RNA-seq"
SRR21743104,GSM6605224,"YFP-UTR_mRNA_A, RNA-seq"
SRR21743103,GSM6605225,"YFP-UTR_mRNA_B, RNA-seq"
SRR22965620,GSM6915193,dEFP_15
SRR22965618,GSM6915195,dEFP_60
SRR23111205,GSM6940600,H3EYFP sRNA req1
SRR23111204,GSM6940601,H3EYFP sRNA req2
SRR23951084,RNAseq-fpb1-1,
SRR23951083,RNAseq-fpb1-2,
SRR24016023,GSM7124017,Fpt1-TAP ChIP-exo 5.0 NKI5623 Replicate 1
SRR24016022,GSM7124018,Fpt1-TAP ChIP-exo 5.0 NKI5623 Replicate 2
SRR24016021,GSM7124019,Fpt1-TAP ChIP-exo 5.0 NKI5632-1 Replicate 1
SRR24016020,GSM7124020,Fpt1-TAP ChIP-exo 5.0 NKI5632-1 Replicate 2
SRR24225722,GSM7187872,"i3N, GFP, input, 0min, rep1"
SRR24225720,GSM7187874,"i3N, GFP, input, 3min, rep1"
SRR24225718,GSM7187876,"i3N, GFP, input, 0min, rep2"
SRR24225716,GSM7187878,"i3N, GFP, input, 3min, rep2"
SRR24225714,GSM7187880,"i3N, GFP, input, 0min, rep3"
SRR24225712,GSM7187882,"i3N, GFP, input, 3min, rep3"
